Customer_ID,Credit_Score,Loan_Amount,Operational_Risk_Score,Revenue,Expenses,Net_Income,Default,PD_Score
CUST_0000,720,105858.9,29.9,213828.87,159410.57,54418.29,0,0.09317508327349548
CUST_0001,669,73338.93,37.8,370942.25,232069.23,138873.02,0,0.26512413681277996
CUST_0002,732,91802.0,28.1,437959.17,390545.02,47414.15,0,0.06366489604565927
CUST_0003,802,116217.14,35.4,783153.15,591596.34,191556.81,0,0.01258006346226782
CUST_0004,661,66107.21,11.6,583482.97,457599.95,125883.02,0,0.25453911517707234
CUST_0005,661,61536.8,43.2,299677.76,201078.67,98599.1,0,0.3052535419673185
CUST_0006,806,141596.41,40.0,572905.44,426842.87,146062.57,0,0.013495713533969944
CUST_0007,741,105224.97,27.7,267904.4,195233.95,72670.45,0,0.05418987765659547
CUST_0008,642,61964.32,49.9,662403.66,412325.58,250078.08,0,0.43697000141090175
CUST_0009,723,78673.87,54.1,429331.3,271272.17,158059.13,0,0.09185771871710502
CUST_0010,643,66224.2,15.9,485954.57,413664.82,72289.75,0,0.3646902618152398
CUST_0011,643,49334.8,28.6,698869.5,469602.55,229266.94,1,0.3692456104606851
CUST_0012,699,105807.4,28.5,306925.46,202106.58,104818.89,0,0.15101477105008637
CUST_0013,527,10000.0,25.9,290432.27,218252.14,72180.13,1,0.9111804107848567
CUST_0014,542,22042.74,52.4,412460.1,342599.32,69860.78,1,0.9024554814884551
CUST_0015,635,45477.16,37.1,655756.83,405640.65,250116.18,1,0.4333855290905352
CUST_0016,599,14715.49,36.0,272098.09,210343.35,61754.74,0,0.6265892927788566
CUST_0017,705,70311.61,9.9,100000.0,63576.31,36423.69,1,0.09597298840637045
CUST_0018,607,23873.83,49.5,432326.17,264124.62,168201.55,1,0.6158116502318587
CUST_0019,567,14870.34,21.4,582761.12,358877.81,223883.31,0,0.7765874410885769
CUST_0020,797,131468.48,40.9,680039.26,578202.86,101836.4,0,0.016329534268607396
CUST_0021,662,47363.45,44.2,430525.8,273552.54,156973.26,0,0.285503480561327
CUST_0022,685,67335.81,60.4,438286.01,268908.37,169377.64,0,0.2172579496200789
CUST_0023,566,40144.13,20.4,673085.11,492274.23,180810.88,0,0.8023548436239692
CUST_0024,636,69137.84,0.0,219538.75,187310.03,32228.72,1,0.37954442831762836
CUST_0025,689,75981.76,42.8,441721.88,299806.59,141915.3,0,0.18302951677279658
CUST_0026,588,19530.31,67.0,528563.58,384008.73,144554.85,1,0.7520353031136798
CUST_0027,710,81828.39,58.6,567382.81,347225.09,220157.72,0,0.13157692557301276
CUST_0028,632,50177.22,43.1,423529.0,311176.73,112352.27,1,0.4725894482098057
CUST_0029,657,37990.36,32.6,505166.15,390636.86,114529.29,0,0.28166316231911115
CUST_0030,632,37071.09,52.1,126750.9,97759.43,28991.46,1,0.47451454327066483
CUST_0031,828,114062.37,25.4,401262.74,280774.78,120487.96,0,0.0057240559900838305
CUST_0032,679,70448.46,47.1,568026.31,394585.13,173441.18,1,0.22776071469746978
CUST_0033,595,32399.5,47.6,352655.89,222873.97,129781.92,1,0.6947072215085052
CUST_0034,746,90654.0,55.9,508847.63,361301.92,147545.72,0,0.05597982189111712
CUST_0035,582,39776.06,81.4,567030.88,357143.49,209887.39,1,0.8184699516118403
CUST_0036,697,54968.06,45.9,448617.62,372343.11,76274.51,0,0.14224994188196366
CUST_0037,523,10000.0,32.4,525569.57,467695.05,57874.52,1,0.9235810418380209
CUST_0038,574,15239.34,39.6,355590.12,316838.74,38751.38,0,0.7721142998381164
CUST_0039,696,88580.92,13.5,469008.31,403122.64,65885.66,0,0.13337196222511183
CUST_0040,739,119797.58,29.6,591532.43,461535.87,129996.56,0,0.06236760164716802
CUST_0041,694,64971.47,33.9,523545.94,424208.18,99337.76,0,0.14586658372047048
CUST_0042,671,76554.28,32.1,412020.31,282465.36,129554.95,0,0.2487171234467052
CUST_0043,656,52378.23,42.3,533632.46,421159.35,112473.11,0,0.32161450570677247
CUST_0044,562,10000.0,27.7,607191.47,447314.84,159876.63,1,0.8035005737382758
CUST_0045,622,49461.13,56.8,192508.81,143343.06,49165.75,0,0.5680121726297676
CUST_0046,643,56359.29,40.0,673861.11,557507.51,116353.6,1,0.40193712261191966
CUST_0047,765,83639.01,39.9,449561.79,307758.99,141802.8,0,0.0289904967525918
CUST_0048,707,100892.84,35.1,563823.49,392089.56,171733.93,1,0.12905378033362286
CUST_0049,539,15179.76,42.3,679587.04,596264.6,83322.44,1,0.8983679255558823
CUST_0050,706,68579.92,52.4,294248.95,181512.55,112736.4,1,0.12938200414492337
CUST_0051,649,55533.76,27.0,393583.85,293491.65,100092.19,0,0.3371081372182155
CUST_0052,626,45333.57,30.1,456717.7,399098.3,57619.39,0,0.47761448456025796
CUST_0053,729,93377.16,35.4,382436.97,299489.8,82947.17,0,0.07339895327275803
CUST_0054,762,97985.4,19.8,760240.49,580764.53,179475.96,0,0.028485837654521076
CUST_0055,755,92176.85,27.7,371484.19,250723.32,120760.87,0,0.03541276557515348
CUST_0056,613,31047.99,32.9,416667.98,292910.36,123757.62,1,0.5510420104030046
CUST_0057,655,70222.44,53.1,530658.35,454039.0,76619.36,1,0.37096234330889144
CUST_0058,707,86404.54,43.9,319677.57,245437.39,74240.18,0,0.12888131493718488
CUST_0059,758,98462.59,42.9,440647.89,332434.75,108213.14,0,0.03851345115362109
CUST_0060,642,57408.51,52.8,547617.99,344930.29,202687.7,0,0.4371377264226521
CUST_0061,665,14845.5,37.9,450070.94,272206.71,177864.23,1,0.2263061938910652
CUST_0062,591,37978.09,45.9,485991.97,432098.16,53893.81,1,0.720014348903919
CUST_0063,584,10000.0,38.5,420600.18,299928.25,120671.94,1,0.7139995744792986
CUST_0064,745,92064.42,44.0,272829.45,213069.96,59759.49,0,0.05239805864939201
CUST_0065,788,102454.55,31.3,548238.98,342054.26,206184.72,0,0.016312078636352548
CUST_0066,674,42699.37,3.4,763239.96,614358.01,148881.95,0,0.1650651624296819
CUST_0067,760,122553.72,38.0,502760.24,442313.39,60446.86,0,0.039807411077408816
CUST_0068,709,72449.92,61.3,533789.62,412459.01,121330.61,0,0.13151703627444652
CUST_0069,628,44392.77,53.9,603908.41,385193.68,218714.73,1,0.5151011644145043
CUST_0070,709,78752.02,54.5,309600.43,239790.63,69809.8,1,0.1286449170501624
CUST_0071,803,133677.08,58.5,755377.2,626890.68,128486.52,0,0.016423925027912848
CUST_0072,677,64719.29,41.3,530349.32,382872.41,147476.91,0,0.22279073686668904
CUST_0073,805,108340.86,43.0,744778.53,643452.4,101326.13,0,0.011899018635459096
CUST_0074,470,10000.0,30.7,390045.05,309931.7,80113.35,1,0.9800403458394289
CUST_0075,746,90469.75,35.3,772709.29,672082.97,100626.32,0,0.047123857469076026
CUST_0076,687,45133.15,49.2,616273.32,485038.9,131234.42,0,0.17452511827024067
CUST_0077,656,46617.98,58.1,582956.01,372734.14,210221.87,0,0.34543699633546043
CUST_0078,687,91181.83,37.9,535103.67,370777.35,164326.32,0,0.19735445910497584
CUST_0079,521,10000.0,33.2,462720.71,305644.83,157075.87,1,0.9277414025707358
CUST_0080,662,50983.34,40.0,680079.75,593470.2,86609.55,1,0.28201650760021846
CUST_0081,709,74045.64,49.0,521053.98,431495.23,89558.75,1,0.12060099072838673
CUST_0082,798,119291.24,18.3,204939.54,164549.96,40389.59,0,0.012258033725059932
CUST_0083,639,75420.41,5.6,332422.03,229467.57,102954.46,1,0.3802507729128602
CUST_0084,615,38389.29,31.7,472123.14,309341.42,162781.72,0,0.5450675797411904
CUST_0085,640,51380.34,21.7,546499.85,451920.03,94579.82,0,0.3764532191891727
CUST_0086,753,117070.34,32.4,491511.73,364823.29,126688.43,0,0.0441581362334863
CUST_0087,706,81731.88,37.8,682845.62,455961.19,226884.43,0,0.12314399524199034
CUST_0088,638,39923.96,33.2,207334.72,162754.98,44579.74,1,0.39829432079033283
CUST_0089,721,82585.45,61.8,521538.19,319233.61,202304.58,0,0.10442718139287006
CUST_0090,688,67809.08,44.9,227303.12,158623.72,68679.39,0,0.18314375462339735
CUST_0091,757,103187.47,44.5,613956.84,454676.24,159280.61,0,0.04104932347887808
CUST_0092,624,47832.32,49.3,485831.19,313063.55,172767.64,1,0.5363621311731523
CUST_0093,654,52672.7,22.9,562941.5,504055.76,58885.74,0,0.2970610438229706
CUST_0094,649,60305.28,55.6,370417.56,245486.53,124931.02,0,0.40139966543366945
CUST_0095,563,10000.0,38.9,691919.74,442210.01,249709.72,0,0.8145347750433436
CUST_0096,704,78024.34,50.1,656258.7,433826.68,222432.02,1,0.1392117547802532
CUST_0097,701,45469.2,23.9,587531.65,488073.31,99458.33,0,0.10451411792755026
CUST_0098,680,78949.45,16.7,480572.41,349689.33,130883.08,1,0.1872443908129966
CUST_0099,661,60813.84,52.3,586978.59,451753.27,135225.32,0,0.32156860384289926
CUST_0100,567,23355.32,45.6,393966.11,238862.74,155103.38,1,0.8181790469569505
CUST_0101,646,10000.0,26.5,628333.35,383490.31,244843.04,0,0.29993268390824207
CUST_0102,653,82617.04,27.0,747422.13,548419.25,199002.89,0,0.3461317222429783
CUST_0103,616,30815.06,56.9,660591.58,558197.62,102393.96,1,0.5826768212287998
CUST_0104,667,75171.31,22.2,390559.63,338057.35,52502.28,0,0.25108787323752496
CUST_0105,712,65563.45,64.6,554212.6,346943.72,207268.88,0,0.12171683486281515
CUST_0106,831,149639.04,26.5,306028.77,233043.64,72985.13,0,0.006465880108037879
CUST_0107,694,56181.88,49.6,585858.55,512022.15,73836.39,0,0.15742486872809824
CUST_0108,701,65945.48,35.1,567590.51,406617.2,160973.31,0,0.1257899109849369
CUST_0109,674,90732.63,49.0,219527.55,186350.3,33177.25,1,0.27676623962792957
CUST_0110,526,10000.0,31.8,325732.42,208504.16,117228.27,1,0.9173273447949333
CUST_0111,678,67200.94,37.6,457529.17,402908.58,54620.59,0,0.21498025668691495
CUST_0112,685,80460.22,40.6,454871.04,375462.83,79408.2,1,0.20036778138304812
CUST_0113,850,157435.23,25.0,318578.46,281113.73,37464.73,0,0.00401602012797713
CUST_0114,665,59561.84,51.1,558346.81,448344.21,110002.6,0,0.2950853223907059
CUST_0115,704,82536.31,32.3,537721.04,381255.61,156465.43,0,0.1241870892250505
CUST_0116,677,99662.76,36.6,470859.63,415041.27,55818.36,1,0.2495624308707365
CUST_0117,587,17388.6,25.1,386631.27,263941.59,122689.69,1,0.6807817732941106
CUST_0118,771,113729.4,1.6,657306.07,459885.35,197420.72,0,0.020957820301869764
CUST_0119,740,110837.14,37.1,748311.07,606313.45,141997.62,0,0.061805824824424316
CUST_0120,743,113224.17,76.2,427465.78,354623.42,72842.35,0,0.07984166054261779
CUST_0121,607,46429.96,51.8,408174.96,358712.75,49462.22,0,0.6489514016143134
CUST_0122,792,130692.73,39.7,573681.15,379456.07,194225.08,0,0.018353897214018686
CUST_0123,568,10000.0,36.1,446295.59,374620.26,71675.34,1,0.7894399986371828
CUST_0124,727,112975.76,40.3,479090.42,393603.35,85487.07,0,0.08844298360440228
CUST_0125,850,132804.82,48.2,610947.97,378261.33,232686.64,0,0.0043042800821307655
CUST_0126,601,29918.08,22.3,213596.59,152970.81,60625.77,1,0.6050656390678031
CUST_0127,635,31033.95,56.7,697745.35,477836.69,219908.65,1,0.4564394196531337
CUST_0128,688,68023.98,50.7,510902.08,353210.68,157691.39,0,0.19105172220932234
CUST_0129,640,49792.41,50.8,438276.03,392206.23,46069.8,0,0.435805189229504
CUST_0130,556,10000.0,46.6,486614.88,385804.44,100810.44,0,0.8499685921605882
CUST_0131,685,74071.33,40.3,494364.4,403056.71,91307.7,0,0.1944555800838432
CUST_0132,595,46713.52,50.1,240319.8,214602.05,25717.75,1,0.7154183478256941
CUST_0133,718,90746.71,48.9,724240.73,516499.91,207740.82,0,0.10550213595055549
CUST_0134,606,24560.68,34.7,506198.84,425486.48,80712.37,1,0.5920759330771314
CUST_0135,804,141458.68,31.4,566450.32,413712.25,152738.07,0,0.013197327188181323
CUST_0136,617,51511.93,41.5,642732.47,553302.74,89429.73,1,0.5706341622409433
CUST_0137,654,33703.42,63.2,346825.63,226892.38,119933.25,1,0.351804964553322
CUST_0138,745,106501.69,21.4,571020.78,504957.02,66063.76,0,0.04676363558184105
CUST_0139,582,26283.02,18.0,459853.84,306093.2,153760.63,1,0.7062180496500386
CUST_0140,698,69634.94,42.5,627015.62,437572.98,189442.64,0,0.1450920979435938
CUST_0141,785,137921.31,40.8,180915.89,149591.69,31324.2,0,0.023126393610856832
CUST_0142,551,10000.0,42.6,485135.85,348388.93,136746.92,1,0.8621130917206404
CUST_0143,695,74269.0,43.7,409576.9,320478.94,89097.96,0,0.16006374556599284
CUST_0144,701,72799.23,36.7,564839.44,414237.46,150601.98,0,0.1315329197227444
CUST_0145,743,96506.6,62.3,570506.63,469362.07,101144.56,0,0.06555314094536059
CUST_0146,581,10000.0,16.0,393856.12,263292.57,130563.55,1,0.6895210513374788
CUST_0147,574,10000.0,27.6,393173.92,242799.6,150374.32,1,0.7477537152533097
CUST_0148,722,109795.24,38.5,483400.19,333535.9,149864.3,0,0.09689730091988487
CUST_0149,704,64174.97,15.4,365503.67,271310.67,94193.0,0,0.09964503920206998
CUST_0150,700,60148.83,37.4,626297.55,407347.7,218949.86,0,0.12749508935942128
CUST_0151,708,46557.08,64.9,444618.92,314096.23,130522.69,0,0.12239843710035402
CUST_0152,626,28214.58,40.3,100000.0,71999.49,28000.51,1,0.47672931680716973
CUST_0153,699,54443.8,43.5,443776.69,273906.76,169869.93,0,0.13307141063485062
CUST_0154,703,101353.13,21.1,344218.43,266766.59,77451.84,1,0.127568538314238
CUST_0155,623,51573.2,30.8,255308.63,220919.33,34389.3,0,0.5076504725130835
CUST_0156,829,129308.73,34.4,314386.0,202943.36,111442.65,0,0.006545510048278924
CUST_0157,718,117739.85,35.2,516411.27,402461.2,113950.07,0,0.10802762395593049
CUST_0158,585,32074.34,59.2,699296.12,559032.54,140263.58,1,0.7666398162782856
CUST_0159,733,86389.67,48.4,546977.67,396996.61,149981.06,0,0.071323307411215
CUST_0160,602,10000.0,23.3,409024.49,331444.52,77579.97,0,0.5745665021586576
CUST_0161,743,130847.52,43.7,568385.63,411067.55,157318.08,0,0.06700313227413712
CUST_0162,773,90500.24,47.5,431136.45,323952.13,107184.32,0,0.0260496775695892
CUST_0163,614,10000.0,57.1,395809.94,238359.09,157450.86,0,0.5685587897508747
CUST_0164,757,118873.6,63.7,326845.6,263933.06,62912.54,0,0.05227133089017103
CUST_0165,713,118107.52,24.8,237225.68,189401.65,47824.03,0,0.11239105129968888
CUST_0166,746,118646.5,27.8,441511.44,269993.19,171518.25,0,0.051200114979031215
CUST_0167,832,149330.36,21.1,523708.02,372081.47,151626.55,0,0.005997096096541274
CUST_0168,660,64105.79,36.5,485506.45,433901.75,51604.7,0,0.3014406104382211
CUST_0169,620,47651.79,47.0,437604.96,317797.9,119807.06,1,0.5576159198891925
CUST_0170,609,40803.35,54.8,358138.09,268812.59,89325.51,1,0.6356921454205682
CUST_0171,615,36585.46,38.9,591236.93,516137.45,75099.48,0,0.5582521859000901
CUST_0172,674,63478.95,35.2,302430.21,246534.63,55895.59,0,0.22627227775871747
CUST_0173,707,77707.18,42.3,616404.19,477479.65,138924.54,0,0.12216017298245989
CUST_0174,702,64758.16,27.5,349667.45,293490.37,56177.08,0,0.11522001886791629
CUST_0175,746,93877.2,71.3,387134.71,332668.68,54466.03,0,0.06460466188420452
CUST_0176,681,40125.72,15.9,279982.22,206365.49,73616.73,0,0.1528334332140093
CUST_0177,796,121666.27,42.8,424789.68,315420.15,109369.53,0,0.016172281187492216
CUST_0178,659,39584.86,70.4,646296.87,462629.17,183667.69,0,0.3430496271316662
CUST_0179,850,133446.16,40.1,577344.21,513843.19,63501.03,0,0.004024418750575281
CUST_0180,730,92725.11,37.1,646763.32,523328.46,123434.86,0,0.0723603271558771
CUST_0181,611,51593.73,34.6,578321.38,361431.73,216889.65,1,0.5950290968858761
CUST_0182,594,35939.05,37.3,334449.53,287254.65,47194.88,1,0.6852259700990082
CUST_0183,719,60741.39,60.6,450381.62,335159.58,115222.04,0,0.09756049442298166
CUST_0184,662,41217.07,6.8,382970.13,237681.29,145288.84,0,0.217807735687748
CUST_0185,737,107671.59,63.0,699586.24,535124.13,164462.11,0,0.08091703485638906
CUST_0186,718,69192.19,18.6,320481.7,232397.08,88084.63,0,0.07445937203472847
CUST_0187,674,58717.35,36.0,634054.65,547395.12,86659.53,1,0.22299073066079841
CUST_0188,612,39379.03,33.6,633943.08,419162.14,214780.94,1,0.5702768385800644
CUST_0189,559,10000.0,48.8,774443.03,656680.75,117762.29,1,0.8420343379040784
CUST_0190,644,48720.03,16.0,438547.01,336500.02,102046.99,1,0.33716439517224744
CUST_0191,749,79245.57,46.9,606848.32,374051.05,232797.28,0,0.04538305013185616
CUST_0192,697,64543.24,70.4,842247.78,750909.03,91338.75,0,0.17799237478494237
CUST_0193,580,19967.18,19.6,407353.75,307056.97,100296.78,1,0.7130575566111347
CUST_0194,694,48032.33,42.8,269743.96,185385.06,84358.9,0,0.14413522554562613
CUST_0195,711,87019.82,30.1,217998.49,161498.09,56500.4,1,0.10570148746352123
CUST_0196,609,29351.14,46.4,606906.8,520336.0,86570.8,1,0.6037020511432784
CUST_0197,692,79436.35,40.3,217527.47,150413.92,67113.55,0,0.17089408064317285
CUST_0198,685,70687.06,30.4,444152.14,292164.58,151987.57,0,0.1785125362331676
CUST_0199,589,39743.29,47.3,565596.98,361258.88,204338.1,0,0.7349432765833714
CUST_0200,709,81189.86,67.1,527776.33,363826.74,163949.59,1,0.1431555418546693
CUST_0201,725,80990.3,37.1,563816.73,470231.29,93585.44,0,0.07719790965690806
CUST_0202,767,110156.51,50.8,533343.48,395467.74,137875.74,0,0.03471260820846884
CUST_0203,764,115301.55,20.6,691829.87,462311.49,229518.38,0,0.029832132677841017
CUST_0204,570,10626.13,25.7,357152.54,232097.54,125055.0,1,0.7650088264537807
CUST_0205,605,28095.87,47.1,398450.73,278843.33,119607.4,1,0.6288202434713197
CUST_0206,721,75071.54,62.3,384101.08,338768.44,45332.64,0,0.10107040127936232
CUST_0207,721,75607.92,45.3,624528.77,438986.28,185542.49,0,0.08854979954258062
CUST_0208,721,64562.83,35.3,635059.79,569291.23,65768.56,0,0.07733744469918857
CUST_0209,850,176243.65,40.0,567683.8,423247.52,144436.28,0,0.005067368256171093
CUST_0210,726,69177.67,21.2,677524.05,442930.79,234593.26,0,0.06231189938986833
CUST_0211,771,100029.05,49.1,323293.87,280406.36,42887.51,0,0.029251587903209086
CUST_0212,756,92383.96,53.2,750083.62,553641.68,196441.94,0,0.04283010818679195
CUST_0213,732,104479.52,33.2,728485.79,592187.12,136298.67,0,0.07077733322324246
CUST_0214,655,47964.99,32.9,610343.3,546326.51,64016.79,0,0.30449604838674466
CUST_0215,741,114074.9,44.0,767269.84,471911.31,295358.52,0,0.06484962324886293
CUST_0216,618,23984.63,33.4,251506.52,158199.7,93306.81,0,0.5093134642706484
CUST_0217,661,59712.17,39.0,421332.78,343865.28,77467.5,0,0.2954370554594427
CUST_0218,641,33055.25,71.5,389704.48,266771.23,122933.25,1,0.4515566772263476
CUST_0219,687,100452.2,36.3,608221.9,398561.98,209659.92,0,0.20316934332875772
CUST_0220,850,132186.02,34.6,342478.89,209531.52,132947.37,0,0.003809696120460007
CUST_0221,531,10000.0,30.3,613624.27,372196.27,241428.01,1,0.9054901897620352
CUST_0222,735,101957.06,51.2,705580.42,587286.82,118293.61,0,0.0750949734254553
CUST_0223,551,10000.0,37.3,604280.44,386938.91,217341.53,0,0.8564977170591634
CUST_0224,642,43343.41,30.3,542562.65,401667.91,140894.74,0,0.37136780140487674
CUST_0225,767,106610.71,59.8,351819.0,275041.2,76777.8,0,0.03676702515253256
CUST_0226,685,68228.37,61.3,372972.36,271712.43,101259.93,0,0.21943127353957906
CUST_0227,594,19685.18,31.0,687442.84,418055.98,269386.85,1,0.6534928754649905
CUST_0228,623,50846.04,12.0,616902.35,515144.59,101757.76,0,0.4655256420940294
CUST_0229,734,125341.75,55.1,494147.07,298046.77,196100.31,0,0.08923110404370412
CUST_0230,622,27422.96,29.7,437313.57,362343.58,74969.99,0,0.4791553033843888
CUST_0231,697,53111.3,51.9,196128.82,170238.12,25890.7,0,0.14751557964744755
CUST_0232,684,65498.64,10.4,339372.14,247691.43,91680.71,0,0.15404948850057212
CUST_0233,628,77631.63,53.4,786712.86,598423.16,188289.7,1,0.5588529954702718
CUST_0234,850,137944.88,21.8,307931.66,228822.49,79109.18,0,0.0035146048447123575
CUST_0235,731,114943.51,51.0,528421.97,378753.1,149668.87,0,0.0882447974829776
CUST_0236,518,10000.0,40.2,651116.6,564015.01,87101.59,1,0.9366744464802835
CUST_0237,695,64154.35,25.7,311761.6,270665.2,41096.4,0,0.13349178301352269
CUST_0238,627,47063.29,33.9,527706.57,369787.69,157918.88,1,0.4815991542382459
CUST_0239,748,123523.28,50.3,640687.33,502632.62,138054.71,0,0.06012964582754081
CUST_0240,617,27612.25,41.6,501874.9,440682.43,61192.47,0,0.5388103201994906
CUST_0241,671,57356.84,48.8,930260.46,826645.77,103614.69,0,0.2566736857647996
CUST_0242,720,76474.28,69.6,249710.11,187953.73,61756.38,0,0.11036097199293932
CUST_0243,749,84408.86,16.5,658809.28,484783.12,174026.16,0,0.036104027276255723
CUST_0244,584,10000.0,64.3,474079.74,324084.84,149994.9,1,0.7578656599255302
CUST_0245,653,33260.85,41.6,615788.02,546611.36,69176.66,0,0.31516106988863263
CUST_0246,642,46513.44,26.5,566196.07,363975.91,202220.16,0,0.3676185007256451
CUST_0247,628,27317.23,20.0,390026.57,301860.62,88165.95,1,0.4183856346421936
CUST_0248,821,139124.96,37.2,534349.46,365903.85,168445.61,0,0.008742982642816718
CUST_0249,712,57860.83,53.8,221314.78,151313.47,70001.32,0,0.10786383214991804
CUST_0250,579,19527.85,38.1,590487.13,426030.9,164456.23,1,0.7496543778232205
CUST_0251,753,114217.41,62.7,544723.77,490054.14,54669.63,0,0.056001803965503666
CUST_0252,850,119980.21,18.2,595799.03,367304.08,228494.95,0,0.0030902839010909363
CUST_0253,763,111909.46,39.8,658717.75,509559.38,149158.37,0,0.035390146257608335
CUST_0254,558,22640.24,21.2,555142.98,346837.59,208305.38,0,0.8215527184637808
CUST_0255,641,27486.02,45.5,522213.41,337535.9,184677.51,0,0.3887670136870425
CUST_0256,781,140765.03,53.3,367839.75,269210.47,98629.28,0,0.02898785915470772
CUST_0257,623,42978.51,33.7,393166.89,296108.94,97057.95,1,0.5023392911468434
CUST_0258,716,72177.6,0.9,678010.19,459445.28,218564.91,1,0.06877985318821317
CUST_0259,742,95148.83,43.0,715450.31,497192.99,218257.32,0,0.056953019023897766
CUST_0260,606,36297.68,46.6,464283.43,290683.26,173600.17,1,0.6319465277945606
CUST_0261,675,63759.07,46.1,506900.41,350250.92,156649.49,0,0.23882029313830822
CUST_0262,421,10000.0,58.5,364307.84,324222.15,40085.69,1,0.995710823759489
CUST_0263,598,10214.39,23.9,675913.53,597110.27,78803.26,0,0.6020117917284282
CUST_0264,660,57437.69,50.2,599812.52,420146.77,179665.75,1,0.3193898411154828
CUST_0265,580,10000.0,57.9,791182.62,610204.48,180978.13,1,0.7670709338346995
CUST_0266,811,128628.06,13.3,368251.54,321438.89,46812.64,0,0.008750335080855482
CUST_0267,566,10000.0,44.8,443298.82,266801.67,176497.14,1,0.8101933171770422
CUST_0268,645,36365.27,32.4,534716.89,450875.99,83840.9,1,0.34841156661505257
CUST_0269,690,88771.02,38.8,596973.43,528029.49,68943.94,0,0.18417603708603716
CUST_0270,795,139020.58,45.2,467649.85,293402.45,174247.4,0,0.01859372563570005
CUST_0271,565,16702.59,32.7,369055.84,239308.47,129747.37,0,0.8035037530148539
CUST_0272,773,95141.86,29.9,632211.13,561545.03,70666.1,0,0.022968189408075726
CUST_0273,681,60663.2,40.5,608170.3,462976.97,145193.34,1,0.20013749523448912
CUST_0274,601,43936.12,23.7,362558.88,219079.47,143479.42,1,0.6259772542195208
CUST_0275,717,85609.89,23.7,703316.42,476348.9,226967.52,0,0.08630922371311471
CUST_0276,696,107752.33,50.2,675529.81,496502.99,179026.81,0,0.19066100164766253
CUST_0277,632,46891.09,22.8,520144.47,420210.51,99933.97,0,0.4242102016466224
CUST_0278,686,70672.82,50.0,511939.68,419763.97,92175.71,1,0.20077109980112573
CUST_0279,649,44950.71,46.9,583108.67,523996.87,59111.79,0,0.36372006282817093
CUST_0280,689,71543.81,14.1,370744.54,254424.69,116319.85,1,0.14534440330981374
CUST_0281,733,89198.18,29.8,504504.72,384163.21,120341.51,0,0.06213428590804089
CUST_0282,807,139062.3,57.9,177142.47,134627.76,42514.71,0,0.015136399861781735
CUST_0283,581,29837.91,25.3,631468.35,455726.65,175741.7,0,0.728514598214028
CUST_0284,850,138210.16,33.0,265776.02,172953.36,92822.65,0,0.0038812680212399666
CUST_0285,524,10000.0,46.9,725512.97,648055.01,77457.96,1,0.9303696836223578
CUST_0286,668,31385.52,51.8,450481.99,385610.4,64871.59,0,0.25014267209236124
CUST_0287,727,96152.56,36.2,468249.95,350953.3,117296.66,0,0.07870521357348118
CUST_0288,702,59689.18,31.0,405839.91,316950.27,88889.64,1,0.11554196210546783
CUST_0289,630,10000.0,61.3,456794.17,305219.96,151574.21,0,0.4713029410346597
CUST_0290,663,62503.79,66.1,712779.7,543947.94,168831.76,1,0.33851718681876397
CUST_0291,641,82674.96,54.7,126828.7,102539.87,24288.83,0,0.4819526189711526
CUST_0292,633,41334.35,41.3,691544.81,521805.21,169739.6,0,0.4500988907620087
CUST_0293,748,111561.45,27.9,550703.52,494028.17,56675.35,0,0.046953331456289445
CUST_0294,709,80508.06,27.5,318946.75,249863.68,69083.07,0,0.10525987128614869
CUST_0295,625,35800.27,47.8,338703.14,240916.87,97786.27,1,0.5101238244488063
CUST_0296,752,114770.14,46.3,751458.95,624947.54,126511.42,0,0.050271103463169695
CUST_0297,705,72937.86,61.0,358173.97,233220.95,124953.02,0,0.14422079702454685
CUST_0298,745,101525.37,49.8,326997.42,233919.16,93078.27,0,0.05771104451576024
CUST_0299,730,95010.62,17.5,670597.18,472159.22,198437.96,0,0.06236476049016116
CUST_0300,614,21818.84,55.8,550782.93,401819.35,148963.58,0,0.5814549509672339
CUST_0301,635,57473.39,25.0,359311.16,299857.36,59453.8,0,0.42336628897085893
CUST_0302,740,92267.35,34.2,532493.75,396841.98,135651.76,0,0.054878103953218724
CUST_0303,729,78078.63,43.8,346137.1,290133.62,56003.48,1,0.07275949357096169
CUST_0304,678,72211.58,69.9,665123.21,514104.77,151018.44,0,0.27192769868281313
CUST_0305,689,56216.08,86.6,659205.64,463171.62,196034.03,0,0.22804451854876762
CUST_0306,782,116529.31,49.1,579800.93,488768.49,91032.44,0,0.02397235182194942
CUST_0307,633,41200.36,37.3,554249.16,372171.05,182078.11,0,0.4412583488697191
CUST_0308,724,103172.33,48.0,764178.22,509947.51,254230.71,0,0.09635975852073896
CUST_0309,664,64032.77,53.3,499952.95,375640.09,124312.86,0,0.30991331458146193
CUST_0310,663,55917.35,35.2,322718.88,218885.62,103833.26,1,0.2735881981632199
CUST_0311,768,121217.57,66.9,567421.09,341999.5,225421.58,0,0.04105620852949572
CUST_0312,746,118869.77,43.5,812907.06,645845.93,167061.13,0,0.05837930431560956
CUST_0313,745,105907.54,47.5,347786.08,261997.04,85789.04,0,0.05790899412617105
CUST_0314,784,117374.44,50.0,445780.58,327049.31,118731.28,0,0.023031861452613704
CUST_0315,682,46162.61,46.3,562466.91,500646.48,61820.43,0,0.19153575401296155
CUST_0316,735,76301.41,52.6,491914.27,379442.87,112471.4,0,0.06673483708498258
CUST_0317,655,48010.96,30.7,352654.46,302940.58,49713.89,0,0.3004804777179047
CUST_0318,706,68823.97,31.6,668278.68,428924.69,239353.99,1,0.11032646243720348
CUST_0319,670,56989.71,23.5,848006.11,653610.83,194395.28,0,0.22091643609622463
CUST_0320,688,69729.59,46.6,529419.72,455509.49,73910.23,0,0.18696316077538194
CUST_0321,728,96751.67,51.7,364389.76,282377.18,82012.57,0,0.0872488333294642
CUST_0322,615,31213.69,46.9,267655.92,218247.78,49408.14,0,0.5683254219967735
CUST_0323,847,155993.02,65.1,538696.4,383343.4,155353.0,0,0.006122644496876588
CUST_0324,600,25726.42,39.9,665581.6,417808.77,247772.83,1,0.6421816348506183
CUST_0325,583,10000.0,50.0,571275.16,421241.22,150033.95,1,0.7393151588686043
CUST_0326,773,97234.4,23.6,499639.42,358912.89,140726.53,0,0.02200436909259189
CUST_0327,743,94505.19,34.2,411609.25,354032.55,57576.7,0,0.051453961636077315
CUST_0328,730,71819.37,50.4,336175.46,226312.84,109862.61,0,0.07256613673216206
CUST_0329,730,99132.75,52.7,625212.7,556451.97,68760.72,0,0.08475173817654928
CUST_0330,679,87471.39,35.6,637065.74,565358.54,71707.21,0,0.22629237100946595
CUST_0331,608,47391.25,38.9,268140.53,180804.34,87336.19,0,0.6177145863475332
CUST_0332,686,64830.54,17.2,738475.85,520193.9,218281.95,1,0.15437672971726651
CUST_0333,626,60274.42,34.6,586110.68,509134.85,76975.84,0,0.5077389796774914
CUST_0334,758,106234.8,53.4,709939.2,631836.42,78102.78,0,0.04380360905710758
CUST_0335,668,54061.42,48.6,298680.84,218942.53,79738.31,0,0.26839497344615076
CUST_0336,614,22779.07,47.5,295126.38,205496.23,89630.14,1,0.56493543805765
CUST_0337,654,47607.52,40.7,477654.6,361980.13,115674.47,0,0.3245750919037145
CUST_0338,713,75694.61,40.1,575417.66,463976.96,111440.7,1,0.10314789214997225
CUST_0339,635,45007.26,30.1,769454.12,524800.3,244653.82,1,0.41776519185477734
CUST_0340,614,34519.79,50.5,605911.84,497418.45,108493.39,0,0.586922067741644
CUST_0341,699,74793.18,46.3,463597.81,285343.16,178254.65,0,0.1494342942265638
CUST_0342,700,81352.74,47.4,346044.62,212744.2,133300.42,0,0.15180412838159874
CUST_0343,639,62581.97,32.1,684500.09,490024.24,194475.84,0,0.419231335939478
CUST_0344,642,60401.78,7.7,355294.19,250852.6,104441.58,0,0.3470992439008114
CUST_0345,699,52008.53,56.5,744270.28,517037.1,227233.19,0,0.14512570325945887
CUST_0346,564,10000.0,32.8,457342.3,341774.61,115567.69,1,0.8021132683192869
CUST_0347,567,22716.25,27.1,738587.31,514219.31,224368.0,1,0.7922341956132846
CUST_0348,623,15759.05,50.4,601839.69,395816.35,206023.34,0,0.5019847034393924
CUST_0349,663,53090.63,34.1,479450.68,332183.02,147267.66,0,0.2686502565325245
CUST_0350,705,59884.61,55.9,422090.54,376703.69,45386.86,1,0.13053491236280948
CUST_0351,798,96984.54,49.3,448863.82,324678.47,124185.35,0,0.01422184140512624
CUST_0352,749,107428.33,50.3,564247.5,413826.92,150420.58,0,0.053995006704539154
CUST_0353,667,69989.79,19.5,511573.47,395427.62,116145.85,1,0.24147396154724082
CUST_0354,678,55591.7,58.2,410928.29,367781.74,43146.55,0,0.23547587432192102
CUST_0355,600,10000.0,43.9,475155.29,319532.61,155622.68,0,0.6305363601358268
CUST_0356,679,56065.81,34.5,511786.55,411673.24,100113.31,0,0.19630960774876938
CUST_0357,657,59330.71,42.2,180689.89,147225.29,33464.6,0,0.32383088264173127
CUST_0358,706,55725.07,13.4,568725.22,444855.34,123869.87,0,0.08963953185770797
CUST_0359,614,34661.16,46.1,353041.82,221206.65,131835.17,0,0.5777294563923254
CUST_0360,722,85544.21,24.6,327000.14,262601.28,64398.86,0,0.0768681693561755
CUST_0361,803,134998.93,19.7,246898.35,152886.47,94011.88,0,0.011828527770609297
CUST_0362,671,62443.3,17.2,230916.13,179847.36,51068.76,0,0.21204013162345414
CUST_0363,712,66472.43,56.7,296682.87,243836.05,52846.83,0,0.11500807899692392
CUST_0364,735,110554.33,30.6,393646.86,261102.4,132544.45,0,0.06630972402956525
CUST_0365,648,46573.24,63.0,792988.87,676012.39,116976.48,1,0.40549877755801894
CUST_0366,698,73554.13,32.0,421118.05,256505.59,164612.46,1,0.1365348662966544
CUST_0367,681,51504.68,14.4,526662.52,449318.89,77343.62,0,0.15923724027771266
CUST_0368,688,62257.81,23.3,560072.21,413388.58,146683.63,0,0.15256216822173282
CUST_0369,618,20807.57,58.5,519659.78,345717.38,173942.4,1,0.5597131101811627
CUST_0370,682,63386.22,37.7,488383.48,312630.6,175752.88,0,0.19436034982967576
CUST_0371,720,110595.56,31.8,320705.94,284142.94,36562.99,1,0.09681729658479328
CUST_0372,796,102467.23,42.4,717639.13,446227.78,271411.35,0,0.014544409160884722
CUST_0373,757,79167.41,47.5,771079.5,508702.75,262376.74,0,0.037140960973775484
CUST_0374,850,172067.55,56.8,247601.2,174397.09,73204.11,0,0.005735756143542868
CUST_0375,619,31166.24,61.7,346395.71,272291.43,74104.28,1,0.5738446018383158
CUST_0376,750,89856.73,34.6,458028.45,349677.39,108351.06,0,0.042164647719741606
CUST_0377,695,87932.25,20.1,355319.33,226584.67,128734.66,0,0.14302211150217622
CUST_0378,850,140915.77,33.8,575894.83,395592.75,180302.08,0,0.003966080184503806
CUST_0379,615,60058.21,43.9,390759.17,262443.83,128315.33,0,0.5999693652395321
CUST_0380,613,41580.01,25.5,824758.41,547691.43,277066.98,1,0.5491425987664582
CUST_0381,632,33705.62,25.6,678582.29,490847.95,187734.34,1,0.41276120584602816
CUST_0382,510,12403.79,45.2,531886.1,431471.03,100415.08,1,0.9509569371392794
CUST_0383,638,34884.08,39.3,654047.94,435096.16,218951.78,1,0.4045656138038565
CUST_0384,619,45766.12,40.5,665885.06,472780.83,193104.23,0,0.5476092597568735
CUST_0385,692,75505.14,28.6,415407.88,297961.78,117446.1,0,0.15404871368952053
CUST_0386,707,98196.36,36.5,377567.41,337143.9,40423.52,1,0.1287876301464433
CUST_0387,830,163469.5,26.1,511721.46,453589.85,58131.61,0,0.007129121558145197
CUST_0388,756,103497.02,53.4,629245.42,528592.12,100653.29,0,0.04544904218322881
CUST_0389,634,30622.59,55.5,520859.06,350276.51,170582.55,0,0.4599100304426443
CUST_0390,608,35963.0,12.3,263450.53,163447.66,100002.87,0,0.5460378199584828
CUST_0391,719,74511.04,26.1,379576.33,263832.59,115743.74,0,0.07927464026469842
CUST_0392,574,42391.48,17.6,488904.07,332473.52,156430.55,0,0.7640276550056395
CUST_0393,827,140306.38,30.2,488650.16,367356.31,121293.85,0,0.007061251231790907
CUST_0394,774,106697.78,38.7,795881.33,663222.53,132658.79,0,0.02564890958618996
CUST_0395,642,49003.18,18.3,292101.81,250476.39,41625.42,1,0.3541610783749588
CUST_0396,543,10000.0,26.2,575838.39,491454.58,84383.8,0,0.8702379291741836
CUST_0397,788,104580.68,24.9,723366.97,512073.41,211293.56,0,0.015612433543825497
CUST_0398,671,78424.61,43.1,840717.46,677761.45,162956.01,0,0.2691574279849292
CUST_0399,779,104659.24,41.0,439340.39,304836.44,134503.95,0,0.022713147755309745
CUST_0400,552,10000.0,29.2,573714.42,354711.37,219003.05,1,0.8440632541978166
CUST_0401,632,49074.79,42.7,585464.05,474500.81,110963.25,0,0.47022437430956965
CUST_0402,680,82995.31,31.8,529322.26,319153.94,210168.32,0,0.21186751807718956
CUST_0403,684,77663.52,35.9,485173.22,350661.26,134511.96,0,0.1956599745001815
CUST_0404,644,61938.1,65.1,565396.31,395106.73,170289.58,0,0.45664600994125953
CUST_0405,730,78562.07,60.1,120163.09,97093.37,23069.72,0,0.08118916598466057
CUST_0406,595,10000.0,20.5,602310.42,499841.54,102468.88,1,0.613745734401164
CUST_0407,669,81824.83,52.4,518926.69,358696.86,160229.83,1,0.3003843866443802
CUST_0408,690,64971.63,52.2,466628.77,393595.81,73032.95,0,0.1824137617239308
CUST_0409,721,81815.06,22.8,807029.33,555377.43,251651.9,0,0.0762113987176788
CUST_0410,737,113387.51,52.3,398759.9,292649.05,106110.84,0,0.07637165142081474
CUST_0411,590,28357.77,63.1,439538.6,359588.97,79949.63,1,0.7445552385450565
CUST_0412,557,10473.75,23.2,798733.0,645277.27,153455.72,1,0.818334811916863
CUST_0413,782,148582.11,26.2,375190.8,336249.95,38940.85,0,0.023355980661378214
CUST_0414,707,68639.79,55.3,417482.71,278689.87,138792.83,0,0.12927063685166285
CUST_0415,620,48978.14,44.1,477946.19,381733.41,96212.78,1,0.5531178478669168
CUST_0416,804,127901.28,48.3,626110.17,490184.52,135925.66,0,0.01420374167095673
CUST_0417,689,73655.87,45.1,531170.38,464524.18,66646.19,0,0.1841581874313683
CUST_0418,774,135098.91,45.9,306106.2,198022.74,108083.45,0,0.03167731166120216
CUST_0419,685,75318.28,20.1,420174.72,346870.8,73303.91,0,0.16916066418060471
CUST_0420,845,155504.36,55.7,408896.84,315047.07,93849.76,0,0.005933458552833315
CUST_0421,820,151301.24,57.5,488416.84,333295.54,155121.31,0,0.011430636513088725
CUST_0422,660,49567.14,36.6,563876.55,418582.75,145293.8,0,0.2852621855008468
CUST_0423,758,91274.69,39.3,562730.86,393986.44,168744.43,0,0.03598338121904945
CUST_0424,732,75142.9,17.0,233598.24,180756.92,52841.32,0,0.053348997249487176
CUST_0425,789,90249.91,47.7,659591.15,571667.77,87923.38,1,0.017146599741058335
CUST_0426,603,57246.17,48.6,537885.33,414597.44,123287.89,1,0.6796224192824345
CUST_0427,735,75893.93,39.1,707679.81,558725.04,148954.76,0,0.05960864413065744
CUST_0428,765,104018.18,56.9,566629.75,428159.24,138470.51,0,0.03726496739785241
CUST_0429,539,10000.0,35.0,665198.44,409329.63,255868.81,1,0.8896446534530025
CUST_0430,585,22280.76,48.5,569981.8,381806.62,188175.18,1,0.7393283012503774
CUST_0431,517,10000.0,24.7,701933.86,524766.12,177167.74,1,0.9298852568054975
CUST_0432,658,67130.83,39.6,578337.6,400828.78,177508.82,1,0.32226314961722297
CUST_0433,737,84955.53,37.4,485312.71,317651.28,167661.43,0,0.05854348293161815
CUST_0434,800,122587.46,43.4,840865.21,631691.45,209173.75,0,0.014704086520381765
CUST_0435,686,72202.49,34.5,633355.57,441349.36,192006.21,0,0.18108308974353948
CUST_0436,810,126414.25,38.0,586061.66,397017.1,189044.57,0,0.011001300401720275
CUST_0437,570,33906.13,52.4,308554.34,228082.02,80472.32,1,0.8235735235457557
CUST_0438,544,10000.0,33.4,306753.86,196317.95,110435.9,1,0.8742903230268411
CUST_0439,676,73801.26,15.9,543907.32,477726.7,66180.62,0,0.1984429775781496
CUST_0440,711,90305.84,66.2,521828.18,448934.33,72893.85,0,0.1417074043693348
CUST_0441,677,81294.32,60.7,407881.62,331316.6,76565.02,0,0.2710202319297351
CUST_0442,515,10000.0,20.6,521147.4,329294.36,191853.04,1,0.931019475395554
CUST_0443,673,41982.72,50.3,738294.04,614824.09,123469.95,1,0.23377484397418594
CUST_0444,576,18816.54,32.5,604310.37,509063.32,95247.05,0,0.7547336445313181
CUST_0445,734,82016.55,44.0,328848.72,273052.76,55795.97,0,0.06564616612963588
CUST_0446,709,71734.68,44.4,483273.68,306487.22,176786.46,0,0.11510592697856759
CUST_0447,605,36200.27,36.5,379255.03,300814.62,78440.41,1,0.6173362763065672
CUST_0448,639,63019.57,28.2,441845.01,375699.68,66145.33,1,0.4115078945008274
CUST_0449,595,22950.53,29.6,437957.65,338631.49,99326.16,1,0.6486603207354453
CUST_0450,675,67125.33,26.3,428353.16,340079.09,88274.07,0,0.21174838974655436
CUST_0451,756,128738.92,27.5,311729.69,229903.47,81826.23,0,0.04170233211251607
CUST_0452,601,29182.26,39.0,480851.8,364780.04,116071.76,1,0.638530004383535
CUST_0453,720,124187.11,29.3,415908.85,253834.6,162074.25,0,0.10144999599106803
CUST_0454,638,52272.34,50.2,100000.0,79168.89,20831.11,1,0.45102353610076307
CUST_0455,617,10000.0,62.3,807945.8,504508.96,303436.84,0,0.5600476315897465
CUST_0456,671,72018.91,31.3,663315.45,484554.84,178760.61,0,0.2428528243892325
CUST_0457,597,29307.68,43.6,443554.89,305075.51,138479.38,0,0.6719266712870767
CUST_0458,636,62200.32,47.5,502822.86,383969.81,118853.05,0,0.47182120371877495
CUST_0459,584,27182.6,47.1,324251.85,207529.26,116722.59,0,0.7471662013837947
CUST_0460,837,141512.17,41.1,754358.43,609139.17,145219.26,0,0.005992246340827448
CUST_0461,683,48046.07,51.1,784593.3,657884.2,126709.1,1,0.19552566604515914
CUST_0462,624,33875.63,47.2,523504.06,339757.45,183746.61,1,0.5128780620683264
CUST_0463,697,60801.39,21.4,653529.6,412569.26,240960.33,0,0.12134164841598687
CUST_0464,671,51799.03,53.0,526293.02,338750.94,187542.07,0,0.25794169173756115
CUST_0465,662,64989.89,53.3,299491.18,258502.3,40988.88,0,0.3225963176087638
CUST_0466,729,114615.24,28.6,438226.49,332375.86,105850.64,0,0.07727920561755147
CUST_0467,741,101220.38,40.6,519789.2,384736.68,135052.51,0,0.05906541356559468
CUST_0468,638,25841.71,50.2,431817.84,272914.73,158903.12,1,0.4158000358478368
CUST_0469,634,48636.31,36.9,467202.01,371363.37,95838.64,0,0.44375880669067075
CUST_0470,658,71947.4,56.1,486290.07,418403.91,67886.15,0,0.3606313262998225
CUST_0471,496,10000.0,75.5,487868.23,413934.61,73933.62,1,0.9731825818647665
CUST_0472,559,10000.0,28.2,507838.77,400083.72,107755.05,1,0.8165122778338538
CUST_0473,789,119895.29,19.3,340909.24,212244.51,128664.73,0,0.015725593834123038
CUST_0474,812,119025.23,44.6,392447.58,248701.53,143746.05,0,0.010619215076977481
CUST_0475,660,64762.76,50.8,307312.36,188933.39,118378.97,0,0.3292569412989048
CUST_0476,726,86248.06,36.5,646672.33,437954.81,208717.53,0,0.07695296875805764
CUST_0477,705,83742.99,61.8,184152.96,117986.51,66166.45,0,0.1525176305862171
CUST_0478,850,136687.62,19.9,673038.55,456329.84,216708.71,0,0.0034333274914618134
CUST_0479,770,103221.12,50.4,707952.41,506552.28,201400.13,0,0.0308681022850329
CUST_0480,670,70719.02,30.9,454672.91,401428.37,53244.55,0,0.24583801856623155
CUST_0481,604,21185.89,65.8,109529.44,85773.91,23755.53,1,0.6637988141066328
CUST_0482,551,26646.6,69.9,445803.42,379152.3,66651.12,1,0.8968408086759092
CUST_0483,696,67144.0,28.5,490372.38,398724.45,91647.92,0,0.13512436169667463
CUST_0484,619,38116.24,31.8,348410.27,220805.33,127604.93,1,0.5182993533348549
CUST_0485,566,22098.71,52.9,422717.24,346956.22,75761.02,1,0.830327236745459
CUST_0486,628,17861.6,34.2,729529.28,497925.37,231603.91,0,0.43627678155785704
CUST_0487,593,10000.0,39.3,599739.07,474832.83,124906.25,0,0.6640332496803122
CUST_0488,815,109600.82,40.4,361315.38,253747.67,107567.71,0,0.008990214598845634
CUST_0489,751,119204.35,11.2,260360.12,234142.3,26217.83,0,0.039332616394040405
CUST_0490,679,56403.22,39.8,450947.4,306222.8,144724.6,1,0.2040392949872879
CUST_0491,798,162570.75,29.7,467981.48,319977.26,148004.23,0,0.017051104017678703
CUST_0492,686,59631.02,32.6,574429.88,505039.71,69390.17,1,0.16883100109766183
CUST_0493,611,33316.9,61.7,419702.49,254924.49,164778.0,1,0.6278678910893648
CUST_0494,802,149056.61,21.2,576724.94,466574.34,110150.6,0,0.01326674642264616
CUST_0495,723,116647.8,52.2,790273.11,646125.65,144147.46,0,0.10893785232158289
CUST_0496,597,54432.71,35.8,622325.15,529544.92,92780.23,1,0.6867487808180973
CUST_0497,665,75511.95,35.8,492786.72,439729.26,53057.46,0,0.2853024710060426
CUST_0498,610,45336.21,51.9,472527.43,421816.06,50711.37,1,0.629291289318798
CUST_0499,569,18575.91,45.1,446499.03,276643.22,169855.81,1,0.8053799178526975
CUST_0500,754,113722.52,48.6,677096.14,573196.95,103899.19,0,0.048441785062668156
CUST_0501,833,133108.88,54.5,405902.98,322243.53,83659.45,0,0.007156625081602286
CUST_0502,568,10000.0,35.0,506783.41,402488.72,104294.69,1,0.7878329627563865
CUST_0503,725,87468.15,30.8,507679.69,324156.01,183523.68,0,0.0757819492010926
CUST_0504,628,36421.53,23.7,424732.37,337686.08,87046.29,0,0.43842801083376515
CUST_0505,641,38716.56,27.6,294130.17,263171.43,30958.74,1,0.36623396616234344
CUST_0506,633,51750.05,84.2,548446.18,479092.73,69353.45,1,0.5578096938802117
CUST_0507,611,44769.95,58.7,490849.4,359173.75,131675.65,1,0.6362143398340219
CUST_0508,684,68266.97,19.7,575036.07,351913.1,223122.97,0,0.16705471001468064
CUST_0509,614,53924.95,20.2,419959.95,297620.6,122339.35,0,0.5476176857517302
CUST_0510,702,58692.94,47.2,683123.19,579231.83,103891.36,0,0.13024829044839623
CUST_0511,676,60085.58,48.2,368483.93,298637.7,69846.23,1,0.2337191215212593
CUST_0512,661,44689.74,48.2,756806.04,558373.84,198432.2,0,0.29524361577533875
CUST_0513,607,10000.0,36.2,237854.52,146644.56,91209.96,1,0.5695250108275098
CUST_0514,634,40688.94,38.1,565215.51,411515.56,153699.95,0,0.435719455813087
CUST_0515,740,93389.44,44.9,571314.6,423177.0,148137.6,1,0.06029442740495563
CUST_0516,720,107738.43,41.3,380666.44,334440.84,46225.6,0,0.10290561329698605
CUST_0517,602,35359.97,6.7,563659.09,446601.66,117057.43,0,0.5726584994502926
CUST_0518,688,53610.49,36.6,691927.8,479849.08,212078.73,0,0.16178217184067578
CUST_0519,740,122866.87,27.2,167477.17,126879.95,40597.22,0,0.06057341339725969
CUST_0520,546,16539.29,42.6,575411.72,356649.73,218761.99,1,0.8810187554012983
CUST_0521,723,95465.87,84.8,126009.38,112371.44,13637.94,0,0.12664889253352093
CUST_0522,627,35097.79,45.5,355150.28,251452.78,103697.5,0,0.4907675587673814
CUST_0523,726,73432.36,35.3,744374.95,553338.72,191036.23,0,0.07145274862121814
CUST_0524,619,28886.53,53.8,412732.69,291630.81,121101.88,1,0.5537755648929507
CUST_0525,536,10000.0,47.2,323918.01,260674.15,63243.85,1,0.906720773551095
CUST_0526,550,28167.1,46.3,470309.34,375621.8,94687.55,0,0.8798223754153129
CUST_0527,684,90072.05,49.1,810185.95,659974.8,150211.15,0,0.22607972084603528
CUST_0528,701,68056.16,70.8,225247.66,153268.19,71979.47,0,0.1659848852078438
CUST_0529,608,12033.07,23.0,342303.51,237798.44,104505.08,0,0.5370641677707286
CUST_0530,731,92656.99,47.1,724614.75,461996.52,262618.23,0,0.07653101579562943
CUST_0531,547,10000.0,26.1,778655.35,620318.12,158337.24,1,0.8575713148361168
CUST_0532,675,67204.32,48.3,484485.32,296475.53,188009.79,0,0.2457942310048515
CUST_0533,583,14345.31,26.2,314142.09,244812.41,69329.68,1,0.702119089358049
CUST_0534,628,31936.01,33.7,814376.53,701103.89,113272.64,1,0.4540666304973865
CUST_0535,684,42975.4,35.6,739166.36,641041.76,98124.6,0,0.1673383910557263
CUST_0536,611,38287.47,54.6,601842.05,442180.17,159661.88,0,0.6195974859669615
CUST_0537,649,41627.27,53.8,378139.65,278988.07,99151.58,1,0.3735953490775412
CUST_0538,761,87702.96,21.3,492645.6,306962.92,185682.68,0,0.028047744157974414
CUST_0539,634,10000.0,40.8,475945.99,381341.97,94604.02,0,0.40094918488744064
CUST_0540,747,98014.96,29.4,549627.7,465192.69,84435.0,0,0.045469350942289294
CUST_0541,590,46395.5,21.1,717650.22,483263.16,234387.06,1,0.6898901309313923
CUST_0542,722,111111.06,36.7,631912.56,459015.13,172897.43,0,0.09614455495520338
CUST_0543,795,115806.3,35.4,338393.59,288193.51,50200.08,0,0.015096296020823232
CUST_0544,482,10000.0,76.4,706474.47,609783.65,96690.82,1,0.9815423226711838
CUST_0545,616,40155.8,46.5,546969.82,368085.53,178884.3,1,0.5728125447210204
CUST_0546,726,73107.1,19.3,603059.87,461444.04,141615.83,0,0.06258602172708042
CUST_0547,664,61405.06,31.5,719981.13,473566.11,246415.02,0,0.26779125810298743
CUST_0548,710,91337.04,55.3,333262.96,210143.5,123119.46,1,0.13419289811639912
CUST_0549,632,59244.59,71.3,494626.16,431974.91,62651.25,1,0.5465243926313852
CUST_0550,687,66961.28,16.2,420281.82,355622.41,64659.41,0,0.15127895242261716
CUST_0551,668,55717.8,11.8,264821.09,219274.63,45546.45,0,0.21143087904167038
CUST_0552,773,98541.54,68.1,552006.5,339279.7,212726.8,0,0.032384764489517326
CUST_0553,700,62773.63,45.8,876733.48,747957.67,128775.81,0,0.13759416838178595
CUST_0554,707,75106.92,27.0,223988.34,163828.03,60160.31,0,0.10713497137310193
CUST_0555,647,54035.4,48.0,495157.91,347956.64,147201.27,0,0.3901156209127468
CUST_0556,641,59199.52,0.5,596081.44,455372.19,140709.25,0,0.33744182233927766
CUST_0557,645,35649.99,40.1,518461.73,325285.99,193175.74,0,0.36298643169714634
CUST_0558,712,103168.41,44.9,483030.79,399463.55,83567.24,0,0.12512588337558225
CUST_0559,646,44093.77,53.9,305117.55,236383.88,68733.67,1,0.3959517634681689
CUST_0560,703,76270.48,24.8,534918.01,350893.93,184024.08,0,0.116460307254139
CUST_0561,846,136807.86,41.3,386485.4,253715.94,132769.46,0,0.004606599699963021
CUST_0562,750,63481.38,26.1,171511.74,112387.29,59124.46,0,0.03419789753520128
CUST_0563,654,65219.74,43.8,679188.83,419127.92,260060.92,0,0.3520521129692831
CUST_0564,776,124101.22,26.6,643757.87,499774.69,143983.19,0,0.024073089127277507
CUST_0565,647,44457.07,33.9,507749.15,432655.31,75093.84,0,0.3492334073397065
CUST_0566,517,10000.0,25.1,534361.2,323421.83,210939.37,1,0.9301134863707774
CUST_0567,599,32415.64,49.8,661147.7,406408.41,254739.29,1,0.6758279344969056
CUST_0568,530,10000.0,52.9,533650.95,411888.39,121762.56,1,0.9230538626979521
CUST_0569,652,43003.67,36.5,635602.63,537623.66,97978.97,0,0.32274838215830737
CUST_0570,681,77650.71,40.6,455377.67,317863.48,137514.19,0,0.21545927529955175
CUST_0571,814,113243.15,18.3,696797.56,491161.67,205635.89,0,0.007769293014820919
CUST_0572,706,82480.46,35.5,548117.86,426931.16,121186.69,0,0.12141668337916506
CUST_0573,662,35887.25,39.2,529107.79,360991.13,168116.66,0,0.26435485859428554
CUST_0574,746,105172.67,79.3,309490.84,188165.02,121325.82,0,0.07301727832769982
CUST_0575,503,10000.0,23.3,543043.38,445604.32,97439.06,1,0.950116501963829
CUST_0576,699,50197.61,62.0,375206.76,295548.48,79658.28,0,0.14995149012485495
CUST_0577,742,113305.7,55.0,404257.59,312987.06,91270.53,0,0.06893698610723316
CUST_0578,562,10000.0,44.2,377693.66,310655.01,67038.65,1,0.8253369177753777
CUST_0579,772,98596.38,66.4,340064.76,272925.52,67139.24,0,0.03276701035897832
CUST_0580,707,81548.39,45.6,818715.71,541797.07,276918.64,0,0.1275994429475301
CUST_0581,647,65618.04,45.8,699700.86,493809.9,205890.96,1,0.4005386542376327
CUST_0582,731,75073.95,39.2,788055.13,502647.6,285407.53,0,0.06567252451085002
CUST_0583,850,150925.2,58.4,316565.75,202271.93,114293.81,0,0.005188798695590297
CUST_0584,695,78706.9,56.4,510688.06,410010.37,100677.7,0,0.17911582246412291
CUST_0585,700,85325.41,30.6,305973.86,262397.07,43576.79,0,0.13632026213048706
CUST_0586,643,49272.19,20.2,395645.77,351657.78,43987.99,1,0.35219235046695263
CUST_0587,612,25500.81,37.0,362280.95,285660.03,76620.92,1,0.5590800866420633
CUST_0588,746,85799.58,28.0,685937.6,449447.17,236490.43,0,0.04327078344038825
CUST_0589,612,32048.81,39.0,440565.55,278303.1,162262.45,1,0.5721210571564946
CUST_0590,686,51780.56,58.6,660256.9,557161.28,103095.62,0,0.1964421747858533
CUST_0591,642,10000.0,33.1,590618.13,456918.1,133700.03,0,0.33562597096253255
CUST_0592,718,90707.59,39.4,845545.81,664163.98,181381.83,0,0.0978798890605375
CUST_0593,707,91905.51,40.9,278083.37,232043.5,46039.86,0,0.12928304845719313
CUST_0594,763,71057.61,52.7,688884.99,558674.13,130210.86,0,0.03185986745638858
CUST_0595,639,29453.38,6.3,671966.13,571397.98,100568.15,0,0.3247729196914287
CUST_0596,658,63492.32,30.9,353993.17,218365.71,135627.47,1,0.30166182777697187
CUST_0597,602,56711.88,43.2,651070.0,536648.48,114421.52,1,0.6744846024547446
CUST_0598,644,47540.18,58.0,550421.74,470751.4,79670.34,1,0.4220770155823415
CUST_0599,710,69171.98,32.6,465878.56,319518.39,146360.17,0,0.10122549650773295
CUST_0600,741,92536.1,11.9,376409.68,298166.97,78242.71,0,0.04449258010438161
CUST_0601,606,48736.53,49.3,392133.58,272238.2,119895.38,1,0.6528921441199739
CUST_0602,750,90094.77,30.5,807471.81,716543.48,90928.34,0,0.04078754453132073
CUST_0603,788,107237.63,22.2,500102.42,305076.02,195026.41,0,0.015471083515670945
CUST_0604,713,74296.24,30.6,617319.5,477766.93,139552.57,0,0.09504090632138233
CUST_0605,830,125771.9,37.2,381365.09,247868.65,133496.44,0,0.006407853919518281
CUST_0606,618,35888.49,30.9,383022.06,311652.05,71370.01,0,0.5199838162701649
CUST_0607,580,39583.99,6.9,662297.72,432326.15,229971.57,1,0.7120741321978886
CUST_0608,538,10000.0,53.5,297563.57,199550.59,98012.98,1,0.9068690222121495
CUST_0609,800,121056.47,59.1,437717.93,327549.25,110168.68,0,0.016699661997783045
CUST_0610,732,86797.46,49.8,505104.11,441688.54,63415.58,0,0.07410197381835175
CUST_0611,676,39328.75,22.9,516705.89,342841.75,173864.14,0,0.17918657315085534
CUST_0612,702,89445.39,37.0,473136.01,304355.15,168780.86,0,0.13929048867164234
CUST_0613,590,18812.88,39.9,559372.97,462989.12,96383.85,1,0.6930933474372531
CUST_0614,850,147292.8,49.0,603928.36,453058.52,150869.84,0,0.00468749252492708
CUST_0615,690,118065.46,50.0,610195.63,533027.57,77168.06,0,0.22599028286640777
CUST_0616,689,73857.09,29.0,352129.43,226765.85,125363.58,0,0.1640439730410199
CUST_0617,738,82753.8,41.2,457376.74,363055.76,94320.98,0,0.05824765339536699
CUST_0618,718,77845.01,46.9,679214.43,454981.12,224233.31,0,0.09751824342153298
CUST_0619,698,91182.05,61.8,634197.08,410343.35,223853.73,0,0.18429999352936893
CUST_0620,617,35080.08,50.6,294071.08,236735.7,57335.38,0,0.5683152537470381
CUST_0621,718,62284.56,51.8,552721.99,430075.95,122646.03,0,0.09392316801231249
CUST_0622,831,154069.41,41.3,203266.21,167989.0,35277.21,0,0.007532552903434302
CUST_0623,788,108794.64,61.2,507040.24,351297.13,155743.1,0,0.02181884154836697
CUST_0624,807,156826.93,46.1,784665.05,576251.34,208413.71,0,0.01503285083597759
CUST_0625,639,60752.09,27.1,357816.09,258214.94,99601.15,1,0.406202305238032
CUST_0626,601,18705.98,61.1,374851.54,335577.16,39274.38,0,0.6694736133901322
CUST_0627,670,79183.77,50.5,614604.47,422647.93,191956.53,0,0.28839513052097876
CUST_0628,684,68246.83,33.4,268579.77,184902.45,83677.33,0,0.18442024090174952
CUST_0629,768,121559.27,32.8,405086.75,286138.88,118947.86,0,0.030831398835030045
CUST_0630,545,10000.0,44.4,589466.17,453522.44,135943.73,1,0.8817508646966866
CUST_0631,802,113486.66,46.9,404857.12,273560.67,131296.45,0,0.01369391515039136
CUST_0632,667,49026.44,43.0,464604.5,406337.05,58267.45,0,0.2587514251258626
CUST_0633,646,63374.17,44.7,611627.86,415726.92,195900.93,0,0.40171751211666196
CUST_0634,599,19494.2,65.5,563231.91,489304.75,73927.16,0,0.6904258726563618
CUST_0635,548,10000.0,56.1,540022.76,340777.32,199245.44,1,0.8840615315229781
CUST_0636,746,83599.98,42.9,449131.66,357943.92,91187.73,0,0.048457645572058755
CUST_0637,686,74286.7,54.1,555509.17,484457.13,71052.04,0,0.2098340191000687
CUST_0638,577,44339.44,24.5,481440.1,313236.88,168203.22,1,0.7623754464628596
CUST_0639,576,10000.0,46.0,568670.84,506400.3,62270.54,1,0.7675399888190219
CUST_0640,653,51931.9,67.1,425460.2,313081.27,112378.93,0,0.389067897589945
CUST_0641,814,152944.17,36.7,472614.65,417656.44,54958.22,0,0.011284726507019798
CUST_0642,659,53421.73,27.3,351506.33,282275.76,69230.57,0,0.2784109210181718
CUST_0643,560,11659.86,30.2,494748.86,341612.24,153136.62,1,0.8164837960047958
CUST_0644,660,39234.37,23.7,378349.87,248383.19,129966.68,1,0.25205725894315045
CUST_0645,658,60515.66,28.2,332893.03,230069.2,102823.83,0,0.29333891037772936
CUST_0646,464,10000.0,34.4,538799.17,338314.81,200484.36,1,0.9834827788699462
CUST_0647,676,77614.16,18.9,531910.97,342104.06,189806.9,0,0.2060242598502293
CUST_0648,662,73573.41,40.2,617431.06,389844.82,227586.24,0,0.30787403750852993
CUST_0649,736,131691.71,53.5,435331.16,316434.85,118896.31,1,0.08658462061600276
CUST_0650,828,147652.74,26.4,561207.93,470670.22,90537.7,0,0.0069213666045280136
CUST_0651,770,114949.55,62.8,582619.64,374283.63,208336.0,0,0.03646278615066073
CUST_0652,658,57160.22,47.7,566716.07,362186.05,204530.02,0,0.3259560701472228
CUST_0653,591,15441.47,55.5,376151.95,298299.28,77852.66,1,0.7122447801119767
CUST_0654,850,155077.26,30.1,522404.52,344345.5,178059.02,0,0.0041456427824946
CUST_0655,685,62937.72,52.8,554621.04,349013.6,205607.44,1,0.20226347741427095
CUST_0656,681,68084.09,23.6,501076.77,325727.25,175349.52,0,0.18343226623569037
CUST_0657,678,83798.96,53.4,187028.35,164046.2,22982.15,0,0.2560567054936424
CUST_0658,696,57825.25,42.6,524073.44,443597.45,80476.0,0,0.14388308117807114
CUST_0659,668,76323.76,48.3,831879.66,587489.53,244390.13,1,0.2922380679245938
CUST_0660,634,61810.25,22.4,445994.11,355344.13,90649.98,0,0.43009110638748377
CUST_0661,636,41354.61,26.6,390788.44,297461.4,93327.04,1,0.3991056397801036
CUST_0662,677,31862.05,49.0,556002.28,446546.16,109456.12,1,0.2041776526584314
CUST_0663,637,34145.68,25.8,546856.73,440111.03,106745.7,0,0.3817620145660815
CUST_0664,623,55941.09,46.9,678910.27,535402.36,143507.92,0,0.5487020912189318
CUST_0665,689,68914.19,19.5,311319.78,211644.65,99675.13,1,0.14949829959297026
CUST_0666,660,39811.38,52.7,609707.04,372958.97,236748.07,1,0.3035675792314466
CUST_0667,800,117588.1,21.5,588563.31,433576.95,154986.36,0,0.011845360355124006
CUST_0668,468,10000.0,48.3,478678.02,415153.7,63524.32,1,0.9837231163471323
CUST_0669,767,116861.28,49.4,550803.1,424586.11,126216.98,0,0.03553037933104955
CUST_0670,780,111259.43,29.5,654418.62,556070.83,98347.79,0,0.02076456529306901
CUST_0671,514,10000.0,48.7,630847.31,566177.45,64669.86,1,0.9466204202055172
CUST_0672,653,45416.12,43.9,328547.1,213254.95,115292.15,0,0.33404520423589756
CUST_0673,650,36306.21,31.9,623023.73,503112.4,119911.33,0,0.3176944479890459
CUST_0674,567,32930.17,24.9,490296.71,393359.2,96937.51,1,0.798125432526082
CUST_0675,618,29052.53,10.6,510931.11,456765.59,54165.53,1,0.4662869911828166
CUST_0676,591,38834.34,45.2,510979.55,457674.27,53305.27,0,0.7197146379643252
CUST_0677,820,157910.56,16.5,477463.55,384837.33,92626.22,0,0.008297887126650803
CUST_0678,755,117401.8,41.4,678756.12,456860.18,221895.94,0,0.0453213128781035
CUST_0679,782,109387.9,36.0,487442.31,409240.35,78201.95,0,0.020629690203171756
CUST_0680,738,99922.83,50.2,332068.08,209903.14,122164.94,0,0.06843763983415672
CUST_0681,590,19475.0,35.5,440970.52,367861.93,73108.59,1,0.6856051348877901
CUST_0682,638,30463.66,35.1,526804.21,459931.07,66873.14,1,0.39000564243784996
CUST_0683,719,89440.37,51.0,684382.22,489230.64,195151.58,0,0.10405590749515857
CUST_0684,582,10000.0,45.0,590464.2,465988.79,124475.41,0,0.7360077212932826
CUST_0685,737,111335.13,44.7,372419.71,271509.91,100909.79,0,0.07106447969193211
CUST_0686,661,48417.72,47.0,872778.49,638288.67,234489.82,0,0.29727081646613923
CUST_0687,650,53024.56,17.0,539716.3,374083.45,165632.85,1,0.30912613106964865
CUST_0688,737,97687.72,51.4,691308.61,572845.2,118463.41,0,0.07005616522919585
CUST_0689,716,78886.96,49.2,477242.83,420380.77,56862.07,0,0.104721435633649
CUST_0690,651,59361.76,24.7,580003.89,511694.08,68309.81,1,0.3254043175284232
CUST_0691,773,104249.64,36.3,625920.28,408371.91,217548.37,0,0.02545976982553567
CUST_0692,594,34826.93,39.4,682729.21,588801.44,93927.77,0,0.687887361920459
CUST_0693,729,69447.73,38.0,658605.25,540866.01,117739.23,0,0.0664373625899541
CUST_0694,727,90619.74,45.0,630829.55,426346.92,204482.63,0,0.08218802556543928
CUST_0695,655,81702.08,61.5,452736.99,280780.86,171956.13,1,0.40320201407313533
CUST_0696,706,63040.35,56.2,414238.09,281847.26,132390.83,0,0.1297461078702338
CUST_0697,580,10000.0,20.3,549891.13,480419.24,69471.89,1,0.7031409049347833
CUST_0698,754,109669.7,49.3,639969.21,505545.98,134423.23,0,0.04771550751287906
CUST_0699,665,60297.64,59.9,466591.89,380886.62,85705.28,0,0.3122353283994494
CUST_0700,638,49350.53,45.8,659775.79,446764.35,213011.45,0,0.43758633678035214
CUST_0701,764,114298.18,56.4,717892.51,585668.52,132223.99,0,0.04017287194285128
CUST_0702,624,46347.07,70.2,362551.86,220589.77,141962.09,1,0.5795240783451978
CUST_0703,567,25307.05,55.4,374461.89,266840.2,107621.7,1,0.8320949229715202
CUST_0704,555,10000.0,43.7,478943.74,377420.12,101523.62,1,0.8501360920494118
CUST_0705,728,85621.53,55.7,546141.9,351621.98,194519.92,0,0.08524933620086232
CUST_0706,578,23871.43,42.2,421314.95,356812.08,64502.87,0,0.7654901198807921
CUST_0707,820,163690.0,40.4,702830.4,471254.38,231576.02,0,0.01053385621651888
CUST_0708,513,10000.0,34.7,563610.03,448455.67,115154.36,1,0.9415578244875823
CUST_0709,816,118240.32,63.5,505917.06,365049.08,140867.98,0,0.011206946447941457
CUST_0710,697,90046.91,27.7,284613.57,221660.77,62952.8,0,0.14606746413099952
CUST_0711,672,59325.76,63.0,302627.63,191331.83,111295.8,0,0.2778975289800017
CUST_0712,636,10613.19,47.5,542151.39,328041.62,214109.77,0,0.4030139396681472
CUST_0713,712,93676.77,19.0,180110.66,157213.07,22897.59,0,0.09767804477762863
CUST_0714,677,55464.69,45.5,651895.61,443868.55,208027.06,0,0.22047287559357848
CUST_0715,768,107774.08,8.5,476276.92,402884.13,73392.8,0,0.023299956657241588
CUST_0716,689,74548.81,49.4,986463.95,887625.28,98838.67,0,0.19063492975661578
CUST_0717,692,73869.57,53.3,846187.44,561385.6,284801.83,0,0.1830842299056004
CUST_0718,651,61097.29,31.1,472782.64,321280.02,151502.62,0,0.3399472537760361
CUST_0719,675,56189.88,41.9,484049.45,386686.74,97362.71,0,0.22494722125438016
CUST_0720,705,85008.66,69.3,649337.23,577672.86,71664.37,0,0.16214091053947408
CUST_0721,543,10000.0,32.4,755475.89,660848.23,94627.66,1,0.876251738911692
CUST_0722,572,22154.74,24.1,254295.64,190941.1,63354.54,1,0.7641282516129628
CUST_0723,739,103961.08,62.2,232043.68,194576.3,37467.38,0,0.07512036603396363
CUST_0724,694,57803.04,69.4,406694.78,260579.01,146115.77,0,0.18314622038205056
CUST_0725,665,73930.4,40.1,587410.64,524693.66,62716.98,0,0.291273090974671
CUST_0726,681,57697.91,55.2,574531.04,510933.88,63597.16,1,0.2187959683182088
CUST_0727,708,91024.14,60.1,660465.72,428720.64,231745.08,0,0.14547385987975014
CUST_0728,637,48918.92,28.9,320045.37,220775.92,99269.45,1,0.4074067810581555
CUST_0729,618,61440.57,32.7,152578.42,96131.5,56446.92,1,0.5583545635332928
CUST_0730,696,69481.82,58.5,628702.13,428470.11,200232.02,0,0.1706876110018691
CUST_0731,602,20625.34,65.3,375770.56,317445.98,58324.57,1,0.6739941308443034
CUST_0732,713,81038.82,48.4,197226.82,140720.29,56506.53,0,0.11294902844818074
CUST_0733,544,10000.0,26.8,521759.56,326892.33,194867.24,1,0.8677938374063101
CUST_0734,762,118165.35,69.8,618976.35,434934.66,184041.69,0,0.048261417034012
CUST_0735,718,59659.24,32.0,481691.43,430832.04,50859.39,0,0.07911459160666447
CUST_0736,700,59435.95,35.0,431322.74,340272.7,91050.04,0,0.12475022338424732
CUST_0737,759,88290.6,45.1,476095.67,345097.13,130998.54,0,0.036258466928822286
CUST_0738,813,145873.59,63.3,444412.59,288851.09,155561.49,0,0.014043145868264915
CUST_0739,761,131234.0,52.8,297792.93,266778.7,31014.23,0,0.045958499409180675
CUST_0740,533,10000.0,46.2,392797.9,332407.07,60390.83,1,0.912589133479033
CUST_0741,578,11284.6,46.9,578191.99,395739.57,182452.42,0,0.7605819511126617
CUST_0742,630,41058.04,40.7,548251.78,340475.65,207776.13,0,0.468333316217708
CUST_0743,682,83471.82,48.4,525208.97,324047.46,201161.51,1,0.22809674693223442
CUST_0744,721,71796.06,2.1,350727.73,223102.62,127625.1,0,0.06118049076919422
CUST_0745,622,39545.78,35.6,472774.53,366036.49,106738.03,0,0.508524992704963
CUST_0746,695,87098.64,43.6,173440.24,152389.63,21050.61,0,0.1695284539011506
CUST_0747,620,42301.1,22.7,526771.5,394563.98,132207.52,0,0.4973658309621592
CUST_0748,631,43383.01,45.8,714328.66,609239.23,105089.43,0,0.4759571922285299
CUST_0749,567,23749.25,36.9,278880.18,204632.79,74247.39,1,0.8068929538245663
CUST_0750,606,10000.0,66.3,412110.85,334871.0,77239.85,0,0.6388684872470054
CUST_0751,572,21100.75,63.6,549366.02,450239.41,99126.6,0,0.8199373443257539
CUST_0752,602,16153.93,33.0,687926.4,448658.1,239268.29,1,0.603228421698201
CUST_0753,764,79686.18,37.7,432766.31,306556.43,126209.88,0,0.02859864276228466
CUST_0754,604,34692.08,38.9,396162.45,313440.03,82722.43,1,0.6266413117544416
CUST_0755,850,170604.88,33.2,204661.53,127137.58,77523.95,0,0.004632260335269952
CUST_0756,719,82670.99,42.9,515515.72,365223.33,150292.39,0,0.09443083567166125
CUST_0757,695,86686.56,28.6,806311.41,613151.32,193160.09,0,0.15152655492381265
CUST_0758,611,54849.86,23.0,541603.77,486829.94,54773.83,0,0.574639450051742
CUST_0759,736,112736.11,49.3,496658.15,368699.18,127958.97,0,0.07615333294023915
CUST_0760,634,66573.95,49.4,548312.35,463223.61,85088.74,0,0.49525675125123186
CUST_0761,690,81012.3,27.9,498336.2,363596.15,134740.05,0,0.16438385991583723
CUST_0762,850,151131.5,53.4,378047.84,317150.85,60897.0,0,0.004972967147070177
CUST_0763,672,37128.12,30.5,623491.99,485466.1,138025.89,1,0.20419457499473434
CUST_0764,772,107280.0,43.8,533864.23,462315.01,71549.21,0,0.028306522230574005
CUST_0765,624,24224.24,52.3,502641.99,363552.29,139089.7,0,0.5109535622151914
CUST_0766,677,96164.6,39.5,353695.1,276338.91,77356.19,1,0.2507674819053619
CUST_0767,822,133193.74,46.8,695526.19,548774.06,146752.13,0,0.008964150314325249
CUST_0768,630,41769.39,32.3,599705.41,434915.29,164790.12,0,0.4510086469804126
CUST_0769,825,145770.22,37.1,417061.87,268293.24,148768.63,0,0.008142810232717491
CUST_0770,737,93964.11,36.9,650273.73,408416.0,241857.72,0,0.06104654319286642
CUST_0771,635,67927.09,28.8,425364.37,257346.07,168018.3,1,0.4454907730820644
CUST_0772,731,80956.57,37.3,382699.48,329910.02,52789.46,0,0.0666167559910447
CUST_0773,758,106821.29,16.8,386044.53,259013.67,127030.86,0,0.03226910101570196
CUST_0774,730,78735.34,32.6,234339.72,155473.16,78866.56,0,0.06498648019175694
CUST_0775,554,10000.0,35.7,570731.36,468462.36,102269.0,1,0.8445242842282265
CUST_0776,622,26737.98,36.2,225328.27,156829.56,68498.7,0,0.4924563571278003
CUST_0777,660,54543.7,36.4,315733.43,237372.62,78360.8,1,0.2904416217957137
CUST_0778,674,55583.13,39.1,188661.8,122394.97,66266.83,0,0.2247548464930587
CUST_0779,730,79440.57,47.2,487089.55,432498.36,54591.19,0,0.07346852757593715
CUST_0780,694,51013.28,53.1,477451.93,408447.91,69004.02,0,0.1577718159072818
CUST_0781,573,10339.64,30.3,450995.57,387466.93,63528.64,0,0.7574789327853408
CUST_0782,710,57637.11,22.0,343613.35,248099.87,95513.47,1,0.08792701658314368
CUST_0783,729,100824.27,24.4,324164.94,268638.19,55526.74,0,0.06968166441048972
CUST_0784,725,88628.21,32.7,569655.48,366381.24,203274.24,0,0.07740514904772951
CUST_0785,766,86367.96,34.7,417417.21,251529.64,165887.57,0,0.02741523859402537
CUST_0786,747,93718.75,28.5,547453.75,331752.53,215701.22,0,0.044133664848464135
CUST_0787,717,72084.86,20.6,367212.7,284949.9,82262.8,0,0.07869883067904997
CUST_0788,674,66980.99,33.2,527159.41,388315.36,138844.05,1,0.22653236741908395
CUST_0789,547,18668.32,42.7,695491.71,525377.64,170114.07,0,0.8795120687714263
CUST_0790,714,54057.14,48.9,587924.87,354071.25,233853.62,0,0.09710534785581897
CUST_0791,697,75032.9,31.6,438137.93,318441.27,119696.66,1,0.14026155579850316
CUST_0792,702,73461.16,33.8,538579.85,439169.02,99410.83,0,0.12608499350302077
CUST_0793,578,24000.16,26.1,463900.22,339949.85,123950.38,1,0.7393530802963583
CUST_0794,594,24955.69,39.5,501182.03,410801.75,90380.28,1,0.6764582067677712
CUST_0795,764,95846.57,27.3,451158.34,302233.54,148924.8,0,0.02850407716887402
CUST_0796,677,58631.98,48.6,475349.72,401167.88,74181.84,0,0.22819237587826105
CUST_0797,735,80319.64,13.2,531814.0,412969.19,118844.81,0,0.04919732286055758
CUST_0798,682,82272.84,34.6,350996.2,232790.83,118205.36,0,0.20643508167503602
CUST_0799,682,66509.92,44.5,347618.18,233257.41,114360.77,1,0.20662931545101187
CUST_0800,755,131049.21,42.8,291718.62,229993.62,61724.99,0,0.04920844130048197
CUST_0801,639,43448.3,80.4,259959.33,220700.76,39258.57,1,0.4983779136830384
CUST_0802,688,58218.73,45.2,317407.6,230021.58,87386.01,0,0.17586287472755546
CUST_0803,643,23803.27,24.9,523919.38,354950.21,168969.17,0,0.3303716909973513
CUST_0804,645,20573.06,38.6,366081.87,314868.29,51213.58,1,0.3413169027819671
CUST_0805,655,28871.08,13.4,577042.17,462084.11,114958.06,1,0.24963586675266525
CUST_0806,698,77892.25,38.8,505207.06,371037.02,134170.04,0,0.14663743585895295
CUST_0807,642,53480.93,27.5,204724.37,152800.14,51924.23,1,0.3785156672459624
CUST_0808,780,91512.38,53.7,598246.34,395606.51,202639.83,0,0.02300796815242101
CUST_0809,608,42641.28,31.8,621619.8,489861.76,131758.04,1,0.5967259128910721
CUST_0810,665,50279.22,38.2,350920.6,248319.4,102601.2,0,0.26225641710899855
CUST_0811,645,49612.65,30.5,563028.73,505990.29,57038.44,0,0.36106245845109236
CUST_0812,796,147062.42,66.1,371525.26,276435.25,95090.01,0,0.022619741171777084
CUST_0813,696,86314.78,35.2,514650.56,383808.72,130841.83,0,0.1553053714697313
CUST_0814,763,102245.82,67.5,310325.24,238874.57,71450.67,0,0.04249350564469774
CUST_0815,561,10000.0,52.2,231034.03,202160.97,28873.06,1,0.8388613258502987
CUST_0816,701,43404.78,47.2,442577.42,371873.66,70703.77,0,0.12400486000861964
CUST_0817,751,89797.93,45.5,481440.66,354022.1,127418.56,0,0.04501881930007531
CUST_0818,687,65124.41,45.9,440348.05,359152.17,81195.87,0,0.18629412498502518
CUST_0819,765,92811.52,11.1,322395.42,250137.14,72258.28,0,0.023799934197403092
CUST_0820,639,42339.61,35.8,440015.14,329003.77,111011.37,0,0.40049450796537406
CUST_0821,793,122526.68,52.7,540394.21,355414.43,184979.79,0,0.01914245987209354
CUST_0822,850,146627.16,39.3,493266.05,364612.83,128653.22,0,0.00429162590437897
CUST_0823,651,40736.42,18.9,527375.15,355316.68,172058.48,0,0.2929697902565609
CUST_0824,644,49709.72,39.2,399482.72,349328.72,50154.0,0,0.38526821720662563
CUST_0825,796,129764.49,65.6,675757.69,473450.73,202306.96,1,0.020545524443855802
CUST_0826,806,111826.9,58.7,323574.0,286582.76,36991.24,0,0.013525906952124389
CUST_0827,638,65249.58,39.1,573134.04,435534.07,137599.98,0,0.444390183542306
CUST_0828,646,46713.71,54.3,677283.66,534690.61,142593.06,1,0.40020017382677914
CUST_0829,657,54011.36,34.5,572136.21,436472.5,135663.72,1,0.303097814775225
CUST_0830,572,21845.2,14.4,469621.37,300000.79,169620.58,1,0.7481464633973623
CUST_0831,607,31752.16,26.1,420755.44,299891.91,120863.53,0,0.5767615983633783
CUST_0832,600,39131.42,63.4,655413.15,412742.39,242670.76,1,0.7034107832049359
CUST_0833,619,38594.96,35.9,286553.76,225485.2,61068.56,1,0.5279118978014264
CUST_0834,677,54426.04,36.3,354481.36,260211.39,94269.97,0,0.2060035530600874
CUST_0835,699,79791.14,35.5,440366.34,366999.32,73367.02,0,0.141053717120955
CUST_0836,804,109864.13,68.6,685648.06,456738.39,228909.68,0,0.015368373622289168
CUST_0837,600,26694.23,64.4,556965.15,361676.35,195288.79,1,0.69100689500219
CUST_0838,759,103874.45,73.3,354793.14,256125.05,98668.09,0,0.049813140439039776
CUST_0839,663,53318.69,37.6,453453.84,398121.42,55332.43,0,0.2749667371684769
CUST_0840,676,61093.39,44.4,407851.53,331634.9,76216.62,1,0.22877131654645028
CUST_0841,734,63765.04,17.3,393531.65,285576.9,107954.75,0,0.04793974411009218
CUST_0842,590,11860.25,62.2,646833.43,488476.74,158356.69,1,0.7255818680589091
CUST_0843,711,81689.06,22.5,294238.53,183976.73,110261.8,0,0.09700330502953393
CUST_0844,693,74055.93,43.3,741317.13,663755.17,77561.96,0,0.16673386835882667
CUST_0845,719,69282.92,23.5,624234.45,499338.99,124895.46,0,0.07561899196387153
CUST_0846,703,95552.36,31.2,663629.25,454998.3,208630.95,0,0.1340512493372841
CUST_0847,850,137007.38,27.4,430559.07,334002.98,96556.09,0,0.0036720872508174724
CUST_0848,629,54032.26,30.9,477508.89,302188.98,175319.92,0,0.4711433237860016
CUST_0849,638,50168.04,31.9,285027.23,253603.26,31423.97,1,0.4089393674638038
CUST_0850,630,30380.97,31.8,421300.64,274871.49,146429.15,1,0.4346728584737104
CUST_0851,636,69410.58,52.5,574048.23,456029.13,118019.09,0,0.49253437727964877
CUST_0852,629,21599.96,23.4,694409.46,467779.45,226630.01,0,0.4115945912248646
CUST_0853,775,126347.97,43.3,333926.48,272239.71,61686.77,0,0.028832490639805867
CUST_0854,794,136828.9,58.3,445174.11,370850.69,74323.42,0,0.021113240969224477
CUST_0855,634,32110.85,32.3,477305.12,382811.07,94494.04,0,0.41193761508772236
CUST_0856,613,52592.76,29.2,290631.62,227956.86,62674.76,0,0.571856216647759
CUST_0857,718,80105.92,36.5,588702.39,510841.04,77861.35,0,0.09079350371096587
CUST_0858,636,47241.48,57.7,391401.45,244073.25,147328.2,1,0.47386023684074746
CUST_0859,731,94222.1,42.9,470691.45,329142.49,141548.95,0,0.07455383805827898
CUST_0860,696,71102.29,32.0,432207.59,291518.08,140689.52,0,0.14133775559913284
CUST_0861,559,16532.36,47.3,381599.22,342067.14,39532.08,1,0.8449805782383594
CUST_0862,804,138802.54,23.5,498943.25,357650.97,141292.28,0,0.012151020334610421
CUST_0863,824,110607.13,50.2,467658.56,383378.92,84279.64,0,0.007753613460174826
CUST_0864,631,60053.56,46.1,444221.32,357783.64,86437.67,1,0.49922380229885455
CUST_0865,649,24554.56,35.4,390730.76,259298.45,131432.3,0,0.31630929505840466
CUST_0866,703,91922.81,27.4,547928.7,368043.33,179885.37,0,0.12801609012363357
CUST_0867,707,95278.85,26.7,748042.59,511949.4,236093.19,0,0.11779760384041196
CUST_0868,733,74977.27,48.0,520983.08,376846.96,144136.13,0,0.06710676276599793
CUST_0869,841,139245.97,58.4,649417.73,435303.1,214114.64,0,0.006188336001444003
CUST_0870,666,41336.54,30.4,291466.71,176598.35,114868.36,0,0.23542612645084296
CUST_0871,616,29844.29,46.9,523664.22,452350.53,71313.68,1,0.5599245728068731
CUST_0872,570,10000.0,8.7,335394.75,298394.99,36999.76,1,0.7365169512593058
CUST_0873,622,47457.71,31.2,278461.26,195610.99,82850.27,0,0.5096229538337234
CUST_0874,677,83329.55,39.5,389094.29,272969.9,116124.39,1,0.23790314343743438
CUST_0875,824,157717.57,26.4,678784.9,408715.08,270069.82,0,0.00812520638798855
CUST_0876,639,35863.03,26.0,642502.37,516620.23,125882.15,0,0.37180962138637125
CUST_0877,698,70813.19,30.0,536450.71,454712.77,81737.94,1,0.13275868099654167
CUST_0878,679,39091.51,44.4,270094.92,173936.4,96158.52,0,0.19546031843348444
CUST_0879,775,100447.68,37.2,470557.9,304874.42,165683.48,0,0.023867445609625705
CUST_0880,850,164472.77,6.4,545255.0,456392.05,88862.95,0,0.0035464692944934153
CUST_0881,638,67998.99,8.2,526330.43,413110.03,113220.4,1,0.3824271151098198
CUST_0882,641,26907.19,30.9,223430.96,137065.55,86365.41,0,0.35810407069341665
CUST_0883,764,97879.47,46.9,366452.32,288311.53,78140.79,0,0.034027443232058106
CUST_0884,735,91879.57,0.0,490388.34,339679.9,150708.44,0,0.04677976469364755
CUST_0885,828,143070.71,32.5,580443.64,412473.43,167970.2,0,0.007120645120355251
CUST_0886,727,76213.07,32.1,170580.83,141738.92,28841.9,0,0.06886444316350361
CUST_0887,651,56989.23,60.8,475681.4,401132.88,74548.52,0,0.3951947868989001
CUST_0888,727,81518.6,34.2,521457.32,375505.06,145952.26,0,0.0719540516869568
CUST_0889,769,109131.36,45.7,627441.8,554750.08,72691.72,0,0.031399805345330725
CUST_0890,746,106013.55,42.1,603928.64,435999.53,167929.11,0,0.05402786726343842
CUST_0891,721,85387.3,8.0,587385.7,488441.05,98944.64,0,0.06879862412191529
CUST_0892,765,101121.2,51.5,380008.92,283168.66,96840.27,0,0.0350675528576474
CUST_0893,774,110127.68,43.2,213799.68,185847.44,27952.23,0,0.0271406214038981
CUST_0894,791,118960.92,47.6,441042.09,384733.53,56308.56,0,0.0189445079018717
CUST_0895,732,85398.23,98.9,650244.77,407199.56,243045.21,0,0.10884617009045944
CUST_0896,667,54433.34,8.7,709018.18,624608.15,84410.03,0,0.21019762502152284
CUST_0897,692,94848.26,65.9,606582.37,514175.88,92406.48,0,0.21904251749531378
CUST_0898,777,121674.15,35.7,564401.12,472625.67,91775.45,0,0.02502723715102339
CUST_0899,615,27890.37,44.3,556945.95,367736.6,189209.35,0,0.5582815609782832
CUST_0900,709,90201.25,39.3,416582.19,350568.81,66013.38,1,0.1208876082548144
CUST_0901,649,44259.16,33.6,480490.96,410838.9,69652.06,0,0.3363557609805006
CUST_0902,682,83746.66,31.5,750360.43,515306.35,235054.08,0,0.20331265172958285
CUST_0903,782,121682.71,44.9,358616.3,317618.58,40997.72,0,0.023766593116664868
CUST_0904,695,71034.43,17.2,742216.82,456432.2,285784.62,0,0.12925351009584587
CUST_0905,684,73573.22,51.3,451695.78,291331.48,160364.3,0,0.21401724872598377
CUST_0906,571,10000.0,33.8,698814.82,531989.79,166825.03,0,0.7722748783881335
CUST_0907,740,77948.63,23.0,288977.75,223304.01,65673.74,1,0.046437207730317995
CUST_0908,732,72910.49,33.2,587885.63,466513.72,121371.91,0,0.06030100033931954
CUST_0909,850,152144.15,58.9,389484.48,235673.45,153811.03,0,0.00524589177755961
CUST_0910,655,78676.6,32.0,287709.92,255518.07,32191.85,0,0.33914188387728506
CUST_0911,698,107235.52,45.4,532780.11,326794.76,205985.35,0,0.1759460095704431
CUST_0912,700,84546.11,29.0,651420.77,418810.52,232610.25,0,0.13418528064036964
CUST_0913,806,135610.8,51.4,373258.78,225524.58,147734.2,0,0.014423349977336589
CUST_0914,672,34172.31,50.3,275147.61,211879.49,63268.12,0,0.23097884017268097
CUST_0915,702,68020.75,67.7,486223.29,427720.93,58502.35,0,0.1586311815674462
CUST_0916,729,77499.1,37.4,486884.7,389402.67,97482.03,0,0.06886264318880192
CUST_0917,695,63151.65,50.0,582247.94,493045.95,89201.99,1,0.1593733410507666
CUST_0918,644,44620.5,41.5,642439.19,388023.22,254415.96,0,0.38349983658618636
CUST_0919,696,65682.24,59.4,491087.72,374505.75,116581.97,0,0.16889157894812612
CUST_0920,766,78255.77,29.2,778325.5,574302.17,204023.32,0,0.025059890533826918
CUST_0921,598,35158.04,51.2,533635.21,400061.19,133574.03,1,0.6875210176884325
CUST_0922,691,54227.64,37.1,448036.02,278527.85,169508.18,0,0.15219504362543546
CUST_0923,624,40583.87,39.0,258264.9,207988.63,50276.27,0,0.5040190297360833
CUST_0924,776,143913.11,41.4,460601.07,345895.8,114705.27,0,0.030324326563833614
CUST_0925,558,10000.0,43.8,449541.96,372915.13,76626.83,0,0.8397476599621349
CUST_0926,635,10000.0,38.3,644045.72,480192.24,163853.48,1,0.3893241067034796
CUST_0927,710,75798.41,43.2,569372.54,367139.67,202232.88,0,0.11356825940873735
CUST_0928,805,144135.36,63.7,323094.63,256691.28,66403.35,0,0.017232753708913598
CUST_0929,675,91745.2,54.8,525838.16,342697.09,183141.07,1,0.282730275762351
CUST_0930,636,24348.78,53.0,600729.68,517659.8,83069.88,0,0.4328723316547055
CUST_0931,830,147696.77,33.2,729204.7,571649.0,157555.71,0,0.006965325453454428
CUST_0932,564,10000.0,26.7,633125.6,409734.3,223391.3,1,0.7934899033235646
CUST_0933,504,10000.0,54.3,614127.0,545775.53,68351.46,1,0.9605269170962869
CUST_0934,715,122265.73,53.1,509012.9,384564.15,124448.75,0,0.13594370867294503
CUST_0935,640,22373.28,62.1,558246.8,347156.68,211090.12,1,0.42359442160573146
CUST_0936,598,27956.78,30.9,687425.74,541725.76,145699.97,1,0.6391177550400229
CUST_0937,737,100349.66,36.6,300083.39,202844.27,97239.12,0,0.06290913336038395
CUST_0938,700,91038.82,15.4,447584.1,376466.58,71117.52,0,0.12472845761318492
CUST_0939,635,43906.6,34.1,384114.69,324710.05,59404.63,0,0.4248555055801726
CUST_0940,578,18408.58,54.9,556872.97,497668.58,59204.39,1,0.7798285973255001
CUST_0941,750,94023.56,33.0,684533.33,513783.92,170749.4,0,0.042513354133812936
CUST_0942,732,95044.95,49.6,410453.86,302293.96,108159.9,0,0.07710866729642774
CUST_0943,672,55885.08,37.1,141454.34,116847.33,24607.02,0,0.23136915281054626
CUST_0944,828,148189.06,44.9,438166.89,280313.41,157853.48,0,0.008153336751575322
CUST_0945,594,16652.45,22.8,637021.06,486731.65,150289.41,1,0.6332287368140721
CUST_0946,558,10000.0,41.3,580644.49,443539.39,137105.1,1,0.8367770305566347
CUST_0947,625,36884.73,0.0,564227.94,353681.73,210546.2,0,0.4079238371594761
CUST_0948,676,80067.31,37.2,458001.0,332231.74,125769.26,0,0.23588944057762368
CUST_0949,699,73962.67,15.5,308145.39,263767.97,44377.42,0,0.11779267703263491
CUST_0950,661,28755.07,58.1,577294.15,494652.23,82641.92,0,0.29529620775281457
CUST_0951,708,98011.04,51.7,374857.73,236074.64,138783.09,0,0.1410934366665202
CUST_0952,580,10000.0,47.0,827614.51,519093.28,308521.23,1,0.7495684746306829
CUST_0953,796,112944.09,62.8,585576.08,397494.11,188081.98,0,0.018338962668186576
CUST_0954,673,52779.03,25.8,412902.75,356099.65,56803.11,1,0.20697930647652915
CUST_0955,769,130308.4,66.2,408292.21,260764.3,147527.91,0,0.0417104268450133
CUST_0956,707,46673.9,54.0,486058.37,396623.16,89435.21,0,0.11526250481388471
CUST_0957,717,130336.36,36.5,464074.71,292529.35,171545.36,0,0.11872796588999579
CUST_0958,726,103631.54,57.0,667525.07,525303.08,142221.99,0,0.09881766913193116
CUST_0959,716,86256.93,23.4,527962.43,373174.5,154787.92,0,0.08851195545340415
CUST_0960,731,89885.5,27.6,390255.24,326516.49,63738.75,0,0.06438058674999529
CUST_0961,786,122449.41,30.9,783566.1,525073.24,258492.87,0,0.019060626070601095
CUST_0962,696,80677.68,32.1,507396.25,401736.33,105659.92,0,0.147875997784055
CUST_0963,737,103038.38,24.2,615325.95,412702.04,202623.91,0,0.057585703145348624
CUST_0964,673,69744.64,58.3,408766.02,332775.64,75990.39,0,0.27562447737482615
CUST_0965,795,123948.4,36.1,554467.34,478008.19,76459.16,0,0.015863363603098563
CUST_0966,626,34984.23,45.3,546666.5,348795.39,197871.11,0,0.4968569799508474
CUST_0967,824,134768.52,31.4,216552.61,186230.63,30321.98,0,0.00749941128017284
CUST_0968,677,60470.06,12.7,802291.27,624240.83,178050.43,0,0.17898894388152328
CUST_0969,566,24775.55,44.1,693596.67,442607.03,250989.64,1,0.8213255612930406
CUST_0970,690,79027.53,11.3,440420.7,320741.91,119678.8,0,0.14402773892830387
CUST_0971,626,10000.0,39.0,334659.54,216945.75,117713.79,1,0.4493150929871961
CUST_0972,747,108464.25,19.5,552134.24,447286.36,104847.88,0,0.04418342122237419
CUST_0973,628,41816.08,69.8,513004.65,424593.66,88411.0,1,0.5463140658371669
CUST_0974,644,46872.03,53.7,553350.34,349572.97,203777.37,0,0.41203288028578766
CUST_0975,529,10000.0,41.6,528736.61,397526.37,131210.24,1,0.9177584921959938
CUST_0976,644,63769.44,59.0,575936.15,486313.29,89622.85,1,0.4458697396006152
CUST_0977,486,10000.0,27.3,717095.85,631653.1,85442.75,1,0.9688224332095848
CUST_0978,553,10000.0,48.2,585215.48,441284.87,143930.61,1,0.8615914648348785
CUST_0979,741,101522.37,43.0,342551.68,303186.93,39364.75,0,0.06033825597693146
CUST_0980,743,81857.16,44.0,704384.43,535829.95,168554.48,0,0.052300970339252115
CUST_0981,714,61324.03,59.1,746092.18,535886.04,210206.14,0,0.10900389191017047
CUST_0982,603,16920.2,51.0,972808.51,831226.87,141581.64,1,0.6350922296457493
CUST_0983,676,76027.45,44.3,331475.9,247909.1,83566.79,1,0.24322936808233311
CUST_0984,680,79152.77,15.2,536432.3,397802.51,138629.8,0,0.18541856041968546
CUST_0985,587,26361.69,25.6,187685.19,140218.44,47466.76,1,0.6922091618200865
CUST_0986,800,136012.37,38.2,582972.37,497879.1,85093.27,0,0.015105098020403178
CUST_0987,750,107837.17,41.4,417769.96,354930.03,62839.93,0,0.04899170248796372
CUST_0988,662,46539.21,23.0,788516.87,568564.82,219952.05,0,0.24831734794479055
CUST_0989,682,72554.27,76.2,383807.75,268661.57,115146.18,0,0.26217163375639874
CUST_0990,697,85341.46,62.7,246622.54,184369.69,62252.86,0,0.1847376045804778
CUST_0991,517,10000.0,49.0,429310.44,331355.43,97955.01,1,0.9425625482003225
CUST_0992,660,72946.61,41.1,203676.83,136769.23,66907.6,1,0.32035736923420854
CUST_0993,625,48345.19,36.8,612664.92,513527.48,99137.44,0,0.503050655775056
CUST_0994,600,30206.92,25.7,190237.54,141906.71,48330.83,1,0.6188608981370092
CUST_0995,658,69808.24,41.2,504268.64,353095.79,151172.85,0,0.32853232170921953
CUST_0996,824,136509.64,43.9,188328.23,119032.16,69296.07,0,0.008439194226730045
CUST_0997,731,77405.59,21.4,451955.33,303557.4,148397.93,0,0.05740554644216664
CUST_0998,634,39706.84,45.0,746506.72,660497.47,86009.26,1,0.44932209967168285
CUST_0999,726,76729.77,37.7,554097.18,383174.77,170922.41,0,0.07407966932734503
